time,seconds_elapsed,z,y,x
1725956239961688600,0.1556884765625,0.02800000086426735,0.003000000026077032,0.004000000189989805
1725956239980423400,0.17442333984375,-0.017000000923871994,-0.0020000000949949026,-0.0020000000949949026
1725956239999157500,0.193157470703125,0.0020000000949949026,-0.029999999329447746,0.00800000037997961
1725956240017892400,0.211892333984375,0.013000000268220901,-0.026000000536441803,0.04800000041723251
1725956240036626700,0.230626708984375,0.01600000075995922,-0.03999999910593033,0.004000000189989805
1725956240055361300,0.249361328125,0.00800000037997961,-0.014999999664723873,0.010999999940395355
1725956240074095900,0.268095947265625,0.06599999964237213,-0.019999999552965164,-0.013000000268220901
1725956240092830200,0.286830322265625,0.05700000002980232,0.0020000000949949026,-0.039000000804662704
1725956240111564800,0.305564697265625,0.07500000298023224,0.032999999821186066,-0.03799999877810478
1725956240130299100,0.324299072265625,0.007000000216066837,-0.020999999716877937,0.0020000000949949026
1725956240149033700,0.34303369140625,0.04899999871850014,-0.026000000536441803,-0.0010000000474974513
1725956240167768300,0.361768310546875,0.02199999988079071,-0.014999999664723873,0.004999999888241291
1725956240186502700,0.380502685546875,0.06700000166893005,0.029999999329447746,-0.006000000052154064
1725956240205237200,0.3992373046875,-0.009999999776482582,0.03400000184774399,-0.009999999776482582
1725956240223971800,0.417971923828125,0.029999999329447746,0.06499999761581421,0.05400000140070915
1725956240242706200,0.4367060546875,0.027000000700354576,0.07999999821186066,0.08799999952316284
1725956240261440800,0.455440673828125,-0.0430000014603138,0.07199999690055847,0.0860000029206276
1725956240280175000,0.474175048828125,-0.0430000014603138,0.05000000074505806,0.06800000369548798
1725956240298909700,0.49290966796875,-0.010999999940395355,0.020999999716877937,0.05000000074505806
1725956240317644300,0.511644287109375,0.050999999046325684,-0.04100000113248825,0.023000000044703484
1725956240336378600,0.530378662109375,0.10100000351667404,-0.052000001072883606,0.0010000000474974513
1725956240355113000,0.549113037109375,0.03099999949336052,-0.04699999839067459,-0.017000000923871994
1725956240373847600,0.56784765625,0.0010000000474974513,-0.03999999910593033,0.014999999664723873
1725956240392582100,0.58658203125,-0.006000000052154064,-0.009999999776482582,-0.0020000000949949026
1725956240411316700,0.605316650390625,-0.03400000184774399,-0.027000000700354576,-0.008999999612569809
1725956240430051000,0.624051025390625,0.04500000178813934,-0.006000000052154064,-0.06800000369548798
1725956240448785700,0.64278564453125,0.07900000363588333,0.02800000086426735,-0.027000000700354576
1725956240467520300,0.661520263671875,0.06199999898672104,0.05700000002980232,0.019999999552965164
1725956240486254600,0.680254638671875,-0.03400000184774399,-0.017999999225139618,0.006000000052154064
1725956240504989200,0.6989892578125,-0.006000000052154064,0.0010000000474974513,0.02800000086426735
1725956240523723500,0.7177236328125,-0.012000000104308128,-0.014999999664723873,0.017000000923871994
1725956240542458000,0.7364580078125,-0.010999999940395355,-0.007000000216066837,0.014000000432133675
1725956240561192700,0.755192626953125,0.03500000014901161,0.029999999329447746,-0.013000000268220901
1725956240579927000,0.773927001953125,0.032999999821186066,0.01600000075995922,0.03200000151991844
1725956240598661600,0.79266162109375,0.02199999988079071,0.0020000000949949026,0.007000000216066837
1725956240617396000,0.81139599609375,-0.006000000052154064,-0.01899999938905239,-0.004999999888241291
1725956240636130600,0.830130615234375,0.017999999225139618,-0.01600000075995922,0.01600000075995922
1725956240654865000,0.848864990234375,0.012000000104308128,-0.014999999664723873,-0.04800000041723251
1725956240673599500,0.867599609375,-0.01600000075995922,-0.03700000047683716,-0.029999999329447746
1725956240692333800,0.886333740234375,0.027000000700354576,-0.020999999716877937,0.014000000432133675
1725956240711068400,0.905068359375,0.052000001072883606,0.0020000000949949026,0.02199999988079071
1725956240729802800,0.923802734375,0.0020000000949949026,-0.017000000923871994,-0.01600000075995922
1725956240748537600,0.94253759765625,-0.013000000268220901,0,-0.003000000026077032
1725956240767271700,0.961271728515625,0.004000000189989805,0.01899999938905239,0.013000000268220901
1725956240786006500,0.980006591796875,0.03700000047683716,0.003000000026077032,-0.00800000037997961
1725956240804740900,0.998740966796875,-0.014999999664723873,0.023000000044703484,-0.02199999988079071
1725956240823475500,1.017475341796875,0.041999999433755875,0.02500000037252903,0.019999999552965164
1725956240842209800,1.036209716796875,0.003000000026077032,0.020999999716877937,0.026000000536441803
1725956240860944400,1.0549443359375,0.026000000536441803,0.020999999716877937,0.04699999839067459
1725956240879678700,1.0736787109375,-0.014999999664723873,-0.004000000189989805,-0.10999999940395355
1725956240898413600,1.09241357421875,0.0020000000949949026,0.0729999989271164,-0.0560000017285347
1725956240917147600,1.111147705078125,-0.02800000086426735,0.03200000151991844,0.052000001072883606
1725956240935882500,1.129882568359375,-0.02199999988079071,0.017999999225139618,0.08500000089406967
1725956240954617000,1.1486171875,-0.003000000026077032,0.007000000216066837,0.05900000035762787
1725956240973351400,1.167351318359375,0.03400000184774399,0.012000000104308128,-0.0010000000474974513
1725956240992086000,1.1860859375,0.04100000113248825,-0.032999999821186066,-0.019999999552965164
1725956241010820400,1.2048203125,-0.013000000268220901,-0.09000000357627869,-0.0020000000949949026
1725956241029555000,1.223554931640625,-0.03400000184774399,-0.08900000154972076,-0.01600000075995922
1725956241048289500,1.24228955078125,0.02800000086426735,-0.0560000017285347,0.014999999664723873
1725956241067024100,1.261024169921875,-0.003000000026077032,-0.04600000008940697,0.023000000044703484
1725956241085758500,1.279758544921875,-0.004000000189989805,-0.028999999165534973,0.04500000178813934
1725956241104493000,1.2984931640625,-0.08699999749660492,-0.05900000035762787,-0.007000000216066837
1725956241123227400,1.317227294921875,0.0010000000474974513,-0.006000000052154064,-0.003000000026077032
1725956241141962000,1.3359619140625,0.035999998450279236,0.006000000052154064,0.007000000216066837
1725956241160696600,1.354696533203125,0.017999999225139618,0.035999998450279236,-0.004000000189989805
1725956241179431200,1.37343115234375,0.009999999776482582,0.05999999865889549,-0.06400000303983688
1725956241198165500,1.39216552734375,0.01899999938905239,0.05400000140070915,-0.029999999329447746
1725956241216900000,1.410900146484375,0.012000000104308128,0.05999999865889549,-0.010999999940395355
1725956241235634700,1.429634765625,0.04800000041723251,0.0820000022649765,-0.007000000216066837
1725956241254369000,1.448369140625,0,0.0430000014603138,-0.024000000208616257
1725956241273104000,1.467103759765625,0.0010000000474974513,0.026000000536441803,-0.02500000037252903
1725956241291838200,1.485838134765625,0.009999999776482582,-0.05000000074505806,-0.026000000536441803
1725956241310572800,1.50457275390625,0.03799999877810478,-0.06300000101327896,-0.004999999888241291
1725956241329307100,1.52330712890625,0.04899999871850014,-0.03500000014901161,0
1725956241348041700,1.542041748046875,0,-0.03799999877810478,0.02500000037252903
1725956241366776000,1.560776123046875,-0.07100000232458115,-0.03500000014901161,0.0689999982714653
1725956241385510700,1.5795107421875,-0.013000000268220901,-0.028999999165534973,0.006000000052154064
1725956241404245200,1.598245361328125,-0.017000000923871994,0.03500000014901161,-0.0010000000474974513
1725956241422979800,1.616979736328125,0.03700000047683716,0.0560000017285347,0.0020000000949949026
1725956241441714200,1.635714111328125,-0.024000000208616257,0.05299999937415123,0.03700000047683716
1725956241460448800,1.65444873046875,-0.05700000002980232,-0.020999999716877937,0.061000000685453415
1725956241479183400,1.673183349609375,-0.01600000075995922,-0.07100000232458115,0.07699999958276749
1725956241497918000,1.69191796875,0.024000000208616257,-0.07199999690055847,0.06300000101327896
1725956241516652300,1.71065234375,0.0430000014603138,-0.02199999988079071,0.017000000923871994
1725956241535387000,1.729386962890625,-0.03500000014901161,-0.0020000000949949026,0.004000000189989805
1725956241554121500,1.74812158203125,-0.032999999821186066,0.004999999888241291,0.04399999976158142
1725956241572856000,1.76685595703125,0.007000000216066837,0.023000000044703484,0.010999999940395355
1725956241591590400,1.78559033203125,0.029999999329447746,0,-0.04800000041723251
1725956241610325000,1.804324951171875,0.061000000685453415,-0.017999999225139618,-0.0860000029206276
1725956241629059600,1.8230595703125,0.05000000074505806,0.0020000000949949026,-0.08100000023841858
1725956241647794200,1.841794189453125,0.026000000536441803,0.010999999940395355,-0.04899999871850014
1725956241666528500,1.860528564453125,0.014999999664723873,0.019999999552965164,-0.027000000700354576
1725956241685263000,1.87926318359375,0.023000000044703484,0.007000000216066837,-0.04100000113248825
1725956241703997700,1.897997802734375,0.04500000178813934,-0.0010000000474974513,-0.02800000086426735
1725956241722732000,1.91673193359375,0.028999999165534973,0.014999999664723873,0.010999999940395355
1725956241741467000,1.935466796875,-0.0430000014603138,0.014000000432133675,0.01600000075995922
1725956241760201200,1.954201171875,-0.04100000113248825,0.06800000369548798,0.023000000044703484
1725956241778935800,1.972935791015625,0.03200000151991844,0.08399999886751175,0.0020000000949949026
1725956241797670100,1.991670166015625,0.06499999761581421,0.06800000369548798,0.00800000037997961
1725956241816404700,2.01040478515625,0.04600000008940697,0.06700000166893005,-0.006000000052154064
1725956241835139300,2.029139404296875,-0.00800000037997961,0.01600000075995922,-0.019999999552965164
1725956241853874000,2.0478740234375,0.020999999716877937,-0.017999999225139618,0.006000000052154064
1725956241872608500,2.0666083984375,0.03099999949336052,-0.004999999888241291,0.0010000000474974513
1725956241891343000,2.085343017578125,-0.004000000189989805,-0.008999999612569809,0.01899999938905239
1725956241910077700,2.10407763671875,-0.00800000037997961,-0.0010000000474974513,0.004999999888241291
1725956241928812000,2.12281201171875,0.00800000037997961,-0.01899999938905239,0.01899999938905239
1725956241947546600,2.141546630859375,0.02500000037252903,-0.07699999958276749,-0.041999999433755875
1725956241966281200,2.16028125,-0.0010000000474974513,-0.02500000037252903,-0.014000000432133675
1725956241985015800,2.179015869140625,0.03999999910593033,-0.013000000268220901,-0.024000000208616257
1725956242003750400,2.19775048828125,0.03099999949336052,0.01899999938905239,0.00800000037997961
1725956242022484700,2.216484619140625,0.013000000268220901,0.014000000432133675,0.007000000216066837
1725956242041219000,2.235218994140625,0.024000000208616257,0.0010000000474974513,0.01600000075995922
1725956242059954000,2.253953857421875,-0.004000000189989805,0.010999999940395355,-0.014000000432133675
1725956242078688500,2.2726884765625,0.03799999877810478,0.014999999664723873,-0.023000000044703484
1725956242097422800,2.2914228515625,0.0430000014603138,0.035999998450279236,0.02800000086426735
1725956242116157400,2.310157470703125,0.04800000041723251,-0.014000000432133675,0.0020000000949949026
1725956242134892000,2.32889208984375,-0.0560000017285347,-0.010999999940395355,0
1725956242153626600,2.347626708984375,-0.041999999433755875,-0.012000000104308128,0.05000000074505806
1725956242172361200,2.366361328125,0.009999999776482582,-0.03099999949336052,0.0820000022649765
1725956242191095800,2.385095703125,-0.03200000151991844,-0.017000000923871994,0.03500000014901161
1725956242209830100,2.403830078125,-0.020999999716877937,-0.009999999776482582,-0.004000000189989805
1725956242228564700,2.422564697265625,-0.01600000075995922,-0.006000000052154064,0.012000000104308128
1725956242247299300,2.44129931640625,-0.01600000075995922,-0.004999999888241291,0.03700000047683716
1725956242266034000,2.460033935546875,-0.00800000037997961,0.004000000189989805,0.02500000037252903
1725956242284768500,2.4787685546875,0,0.006000000052154064,-0.020999999716877937
1725956242303503000,2.497503173828125,0.013000000268220901,0.017000000923871994,-0.03799999877810478
1725956242322237700,2.51623779296875,0.06800000369548798,0.013000000268220901,-0.06700000166893005
1725956242340972000,2.534971923828125,0.05999999865889549,-0.008999999612569809,-0.0820000022649765
1725956242359706600,2.55370654296875,0.0430000014603138,0.032999999821186066,-0.05700000002980232
1725956242378441000,2.57244091796875,0.032999999821186066,0.03799999877810478,-0.010999999940395355
1725956242397175800,2.59117578125,0.026000000536441803,0.020999999716877937,-0.02800000086426735
1725956242415910400,2.609910400390625,0.024000000208616257,0.0020000000949949026,-0.01600000075995922
1725956242434645000,2.62864501953125,0.04500000178813934,0.004000000189989805,-0.004999999888241291
1725956242453379600,2.647379638671875,0.014999999664723873,-0.0020000000949949026,0.007000000216066837
1725956242472114200,2.6661142578125,-0.054999999701976776,-0.03700000047683716,0.050999999046325684
1725956242490848500,2.6848486328125,-0.019999999552965164,-0.01899999938905239,0.04899999871850014
1725956242509583000,2.7035830078125,-0.03099999949336052,-0.004999999888241291,0.017999999225139618
1725956242528317700,2.722317626953125,0.017999999225139618,-0.0430000014603138,0.010999999940395355
1725956242547052300,2.74105224609375,0.012000000104308128,-0.05900000035762787,-0.0020000000949949026
1725956242565787000,2.759786865234375,0.0020000000949949026,-0.027000000700354576,-0.02199999988079071
1725956242584521500,2.778521484375,0.014999999664723873,-0.010999999940395355,-0.039000000804662704
1725956242603256000,2.797256103515625,0.052000001072883606,0.0010000000474974513,-0.03200000151991844
1725956242621990700,2.81599072265625,0.03999999910593033,0.029999999329447746,-0.07100000232458115
1725956242640725000,2.83472509765625,0.023000000044703484,0.023000000044703484,-0.03999999910593033
1725956242659459600,2.85345947265625,-0.014000000432133675,0.00800000037997961,0.014999999664723873
1725956242678194200,2.872194091796875,-0.010999999940395355,0.03099999949336052,0.02500000037252903
1725956242696928800,2.8909287109375,-0.027000000700354576,0.04600000008940697,0.03200000151991844
1725956242715663400,2.909663330078125,-0.004999999888241291,0.08900000154972076,0.06599999964237213
1725956242734397700,2.928397705078125,-0.027000000700354576,0.05400000140070915,0.0729999989271164
1725956242753132500,2.947132568359375,-0.07800000160932541,0.024000000208616257,0.07599999755620956
1725956242771867000,2.965866943359375,-0.028999999165534973,-0.03999999910593033,0.03700000047683716
1725956242790601500,2.9846015625,0.029999999329447746,-0.057999998331069946,-0.026000000536441803
1725956242809336000,3.003336181640625,0.052000001072883606,-0.05000000074505806,-0.0430000014603138
1725956242828070700,3.022070556640625,0.010999999940395355,-0.054999999701976776,-0.03500000014901161
1725956242846805200,3.04080517578125,0.03200000151991844,-0.03400000184774399,-0.01899999938905239
1725956242865539800,3.059539794921875,-0.007000000216066837,-0.0010000000474974513,0.023000000044703484
1725956242884274200,3.078274169921875,-0.023000000044703484,-0.004999999888241291,-0.027000000700354576
1725956242903009000,3.097009033203125,-0.07100000232458115,0.02500000037252903,0.00800000037997961
1725956242921743600,3.11574365234375,-0.0010000000474974513,0.019999999552965164,0.003000000026077032
1725956242940478000,3.13447802734375,0.017000000923871994,0.028999999165534973,-0.003000000026077032
1725956242959212500,3.153212646484375,0.023000000044703484,0.023000000044703484,-0.02500000037252903
1725956242977947400,3.171947509765625,0.03400000184774399,0.01899999938905239,-0.04699999839067459
1725956242996681700,3.190681640625,0.017000000923871994,0.026000000536441803,-0.0689999982714653
1725956243015416600,3.20941650390625,0.02800000086426735,0.03700000047683716,-0.07699999958276749
1725956243034151000,3.22815087890625,0.041999999433755875,0.050999999046325684,-0.0560000017285347
1725956243052885800,3.2468857421875,0.04699999839067459,0.06400000303983688,0
1725956243071620000,3.2656201171875,0.0010000000474974513,0.01899999938905239,0.017999999225139618
1725956243090354700,3.284354736328125,-0.04899999871850014,-0.014000000432133675,-0.006000000052154064
1725956243109089300,3.30308935546875,-0.050999999046325684,-0.014000000432133675,0.03400000184774399
1725956243127824000,3.321823974609375,-0.010999999940395355,0.02199999988079071,0.0689999982714653
1725956243146558500,3.340558349609375,-0.03099999949336052,-0.020999999716877937,0.006000000052154064
1725956243165293000,3.35929296875,-0.004000000189989805,-0.0560000017285347,-0.0020000000949949026
1725956243184027600,3.378027587890625,0.012000000104308128,-0.057999998331069946,-0.05999999865889549
1725956243202762200,3.39676220703125,0.08500000089406967,-0.02500000037252903,-0.06300000101327896
1725956243221496600,3.41549658203125,0.08299999684095383,-0.01600000075995922,-0.08799999952316284
1725956243240231200,3.434231201171875,0.03200000151991844,-0.0010000000474974513,-0.04100000113248825
1725956243258965800,3.4529658203125,0.013000000268220901,-0.010999999940395355,-0.01600000075995922
1725956243277700400,3.471700439453125,0.008999999612569809,0.0020000000949949026,0.023000000044703484
1725956243296435000,3.49043505859375,-0.05400000140070915,0.04899999871850014,0.08299999684095383
1725956243315169500,3.50916943359375,-0.0689999982714653,0.023000000044703484,0.07699999958276749
1725956243333904100,3.527904052734375,-0.04600000008940697,0.004999999888241291,0.020999999716877937
1725956243352638700,3.546638671875,0.004999999888241291,0.024000000208616257,0.014000000432133675
1725956243371373300,3.565373291015625,0.04500000178813934,0.03700000047683716,-0.006000000052154064
1725956243390108000,3.58410791015625,-0.012000000104308128,0.032999999821186066,-0.041999999433755875
1725956243408842500,3.602842529296875,-0.004999999888241291,0.010999999940395355,-0.03099999949336052
1725956243427577000,3.6215771484375,0.02199999988079071,0.00800000037997961,-0.07699999958276749
1725956243446311700,3.640311767578125,0.09099999815225601,-0.03200000151991844,-0.03500000014901161
1725956243465046300,3.65904638671875,0.01600000075995922,-0.0560000017285347,-0.014999999664723873
1725956243483780900,3.67778076171875,-0.017000000923871994,-0.026000000536441803,0.007000000216066837
1725956243502515500,3.696515380859375,-0.017000000923871994,-0.03500000014901161,0.020999999716877937
1725956243521249800,3.715249755859375,-0.012000000104308128,-0.02199999988079071,0.007000000216066837
1725956243539984600,3.733984619140625,-0.017999999225139618,-0.00800000037997961,0.013000000268220901
1725956243558719000,3.752718994140625,0.004999999888241291,-0.004999999888241291,0.019999999552965164
1725956243577453800,3.771453857421875,0.017999999225139618,0.03500000014901161,0.020999999716877937
1725956243596188400,3.7901884765625,-0.009999999776482582,0,-0.029999999329447746
1725956243614923000,3.808923095703125,0.03999999910593033,0.04600000008940697,-0.04500000178813934
1725956243633657600,3.82765771484375,0.07000000029802322,0.035999998450279236,-0.0820000022649765
1725956243652392200,3.84639208984375,0.020999999716877937,0.061000000685453415,-0.0560000017285347
1725956243671126800,3.865126708984375,0.08100000023841858,0.027000000700354576,0.003000000026077032
1725956243689861000,3.883861083984375,0.014000000432133675,0.013000000268220901,0.024000000208616257
1725956243708596000,3.902595947265625,0.017999999225139618,-0.02199999988079071,0.014000000432133675
1725956243727330300,3.921330322265625,-0.03999999910593033,0.003000000026077032,0.061000000685453415
1725956243746065200,3.940065185546875,-0.07699999958276749,-0.004000000189989805,0.06199999898672104
1725956243764799500,3.958799560546875,-0.06400000303983688,-0.03799999877810478,0.05400000140070915
1725956243783534300,3.977534423828125,0.009999999776482582,-0.02199999988079071,0.03700000047683716
1725956243802269000,3.99626904296875,0.01899999938905239,-0.050999999046325684,-0.013000000268220901
1725956243821003500,4.01500341796875,0,-0.03700000047683716,-0.01899999938905239
1725956243839738000,4.033738037109375,-0.0020000000949949026,-0.028999999165534973,-0.007000000216066837
1725956243858472700,4.05247265625,0.02500000037252903,0.017000000923871994,-0.039000000804662704
1725956243877207300,4.071207275390625,0.008999999612569809,0.03799999877810478,-0.06300000101327896
1725956243895942000,4.08994189453125,0.05299999937415123,0.014000000432133675,-0.02500000037252903
1725956243914676500,4.108676513671875,0.019999999552965164,0.017000000923871994,-0.0020000000949949026
1725956243933411000,4.1274111328125,0.041999999433755875,0.03400000184774399,0.04100000113248825
1725956243952145700,4.146145751953125,-0.0010000000474974513,0.04500000178813934,0.04500000178813934
1725956243970880500,4.164880615234375,-0.08100000023841858,0.03799999877810478,0.05700000002980232
1725956243989615000,4.183614990234375,-0.04399999976158142,0.008999999612569809,0.08100000023841858
1725956244008349700,4.202349609375,-0.026000000536441803,0,0.08299999684095383
1725956244027084000,4.221083984375,-0.05000000074505806,0.026000000536441803,0.07100000232458115
1725956244045818600,4.239818603515625,-0.09200000017881393,-0.013000000268220901,0.014999999664723873
1725956244064553200,4.25855322265625,-0.02800000086426735,-0.014999999664723873,0.027000000700354576
1725956244083288000,4.2772880859375,-0.061000000685453415,-0.00800000037997961,0.004999999888241291
1725956244102022700,4.296022705078125,0.019999999552965164,0.004000000189989805,-0.10400000214576721
1725956244120757200,4.31475732421875,0.017999999225139618,-0.012000000104308128,-0.17000000178813934
1725956244139491800,4.333491943359375,0.15199999511241913,-0.14000000059604645,-0.2409999966621399
1725956244158226400,4.352226318359375,0.3930000066757202,-0.09300000220537186,-0.1420000046491623
1725956244176961000,4.3709609375,0.21299999952316284,0.03799999877810478,-0.03400000184774399
1725956244195695400,4.3896953125,-0.16300000250339508,0.12200000137090683,0.020999999716877937
1725956244214430200,4.40843017578125,-0.039000000804662704,0.13300000131130219,0.4970000088214874
1725956244233164800,4.427164794921875,0.03999999910593033,0.09399999678134918,0.628000020980835
1725956244251899400,4.4458994140625,0.4009999930858612,-0.41499999165534973,0.7049999833106995
1725956244270634200,4.46463427734375,0.746999979019165,-0.11500000208616257,0.4779999852180481
1725956244289368800,4.483368896484375,1.6579999923706055,0.40700000524520874,0.8650000095367432
1725956244308103400,4.502103515625,1.819000005722046,0.34299999475479126,0.46399998664855957
1725956244326838000,4.520838134765625,2.365999937057495,0.24500000476837158,-0.2549999952316284
1725956244345572600,4.539572509765625,2.38100004196167,0.16099999845027924,-0.7609999775886536
1725956244364307200,4.55830712890625,2.121999979019165,0.3240000009536743,-0.875
1725956244383041800,4.577041748046875,1.9210000038146973,0.26899999380111694,-0.8159999847412109
1725956244401776400,4.5957763671875,1.7120000123977661,-0.10999999940395355,-1.3739999532699585
1725956244420511000,4.614510986328125,1.6579999923706055,-0.19699999690055847,-2.046999931335449
1725956244439245600,4.63324560546875,1.190000057220459,-0.006000000052154064,-2.134999990463257
1725956244457980400,4.65198046875,0.7480000257492065,0.382999986410141,-1.9149999618530273
1725956244476714800,4.67071484375,0.9129999876022339,0.45899999141693115,-1.7300000190734863
1725956244495449600,4.68944970703125,1.1579999923706055,0.9829999804496765,-1.5880000591278076
1725956244514184200,4.70818408203125,0.32899999618530273,1.156999945640564,-1.2309999465942383
1725956244532918800,4.726918701171875,-1.5010000467300415,0.8569999933242798,-0.4429999887943268
1725956244551653400,4.7456533203125,-3.072000026702881,0.6890000104904175,0.39100000262260437
1725956244570388000,4.764387939453125,-3.634000062942505,0.46700000762939453,0.6470000147819519
1725956244589122600,4.78312255859375,-4.368000030517578,0.004999999888241291,0.32100000977516174
1725956244607857200,4.801857177734375,-4.317999839782715,-0.5770000219345093,0.03400000184774399
1725956244626591700,4.820591796875,-3.499000072479248,-0.7350000143051147,-0.24400000274181366
1725956244645326600,4.83932666015625,-3.243000030517578,-1.2860000133514404,-1.0740000009536743
1725956244664061000,4.85806103515625,-3.632999897003174,-2.065999984741211,-1.4800000190734863
1725956244682795800,4.876795654296875,-4.421000003814697,-0.7630000114440918,-1.4520000219345093
1725956244701530400,4.8955302734375,-5.139999866485596,0.09300000220537186,-0.6890000104904175
1725956244720265000,4.914264892578125,-3.299999952316284,-0.33500000834465027,-0.4790000021457672
1725956244738999300,4.932999267578125,-1.9179999828338623,-0.1809999942779541,-0.546999990940094
1725956244757734100,4.951734130859375,-3.0139999389648438,0.4180000126361847,-0.5410000085830688
1725956244776468700,4.97046875,-3.0239999294281006,0.45399999618530273,0.4699999988079071
1725956244795203300,4.989203369140625,-1.7450000047683716,0.765999972820282,-0.3499999940395355
1725956244813938200,5.007938232421875,-0.5759999752044678,1.4539999961853027,-0.42399999499320984
1725956244832672800,5.0266728515625,-1.0299999713897705,1.284999966621399,0.515999972820282
1725956244851407400,5.045407470703125,0.2720000147819519,1.9160000085830688,0.7680000066757202
1725956244870142000,5.064141845703125,-0.5170000195503235,1.5729999542236328,0.30399999022483826
1725956244888876500,5.08287646484375,-0.6840000152587891,0.7680000066757202,-0.09399999678134918
1725956244907611100,5.101611083984375,0.164000004529953,0.41999998688697815,0.4090000092983246
1725956244926345700,5.120345703125,1.4359999895095825,0.1509999930858612,1.6740000247955322
1725956244945080300,5.139080322265625,3.0999999046325684,-0.6110000014305115,1.4279999732971191
1725956244963815200,5.157815185546875,3.1659998893737793,-0.9129999876022339,1.0820000171661377
1725956244982549500,5.176549560546875,3.313999891281128,-1.4520000219345093,0.4959999918937683
1725956245001284400,5.195284423828125,4.579999923706055,-1.6339999437332153,-0.15700000524520874
1725956245020019000,5.21401904296875,5.584000110626221,-1.5230000019073486,-0.9449999928474426
1725956245038753500,5.23275341796875,4.744999885559082,-2.359999895095825,-0.871999979019165
1725956245057488400,5.25148828125,4.307000160217285,-2.937999963760376,0.23499999940395355
1725956245076222700,5.27022265625,4.008999824523926,-2.8299999237060547,0.23199999332427979
1725956245094957600,5.28895751953125,3.8239998817443848,-3.1530001163482666,-0.6439999938011169
1725956245113692200,5.307692138671875,3.2679998874664307,-3.6059999465942383,-1.1729999780654907
1725956245132426800,5.3264267578125,2.247999906539917,-4.343999862670898,-0.34299999475479126
1725956245151161300,5.345161376953125,0.8600000143051147,-4.918000221252441,-0.10400000214576721
1725956245169896200,5.363896240234375,1.9900000095367432,-2.1610000133514404,0.004000000189989805
1725956245188630500,5.382630615234375,4.454999923706055,-0.3100000023841858,-1.0820000171661377
1725956245207365400,5.401365478515625,3.5490000247955322,0.02500000037252903,-2.2720000743865967
1725956245226100000,5.420099853515625,1.8830000162124634,-1.125,-1.937000036239624
1725956245244834600,5.43883447265625,1.4210000038146973,-1.774999976158142,-1.4429999589920044
1725956245263569200,5.457569091796875,1.4809999465942383,-1.1299999952316284,-1.4910000562667847
1725956245282304000,5.476303955078125,1.7710000276565552,0.48399999737739563,-0.6759999990463257
1725956245301038600,5.49503857421875,1.1440000534057617,1.8300000429153442,-0.4860000014305115
1725956245319773200,5.513773193359375,0.2879999876022339,2.1589999198913574,-0.8130000233650208
1725956245338507800,5.5325078125,-1.2660000324249268,2.0169999599456787,-0.6579999923706055
1725956245357242400,5.551242431640625,-2.634999990463257,1.8259999752044678,-0.37700000405311584
1725956245375977000,5.56997705078125,-3.4679999351501465,1.9220000505447388,-0.28700000047683716
1725956245394711600,5.588711669921875,-4.816999912261963,-0.017000000923871994,-0.375
1725956245413446400,5.6074462890625,-5.769999980926514,-1.6759999990463257,-1.375
1725956245432180700,5.6261806640625,-4.708000183105469,0.11699999868869781,-1.5
1725956245450915600,5.64491552734375,-4.117000102996826,0.8149999976158142,-1.3930000066757202
1725956245469650200,5.663650146484375,-4.960000038146973,0.8180000185966492,-0.8949999809265137
1725956245488384800,5.682384765625,-4.913000106811523,1.531000018119812,-0.8360000252723694
1725956245507119400,5.701119384765625,-5.125,0.6790000200271606,-2.0999999046325684
1725956245525854000,5.71985400390625,-4.269000053405762,-0.3959999978542328,-2.1630001068115234
1725956245544588500,5.738588623046875,-2.812000036239624,-1.2009999752044678,-0.593999981880188
1725956245563323400,5.757323486328125,-1.7589999437332153,-1.1990000009536743,0.5699999928474426
1725956245582057700,5.7760576171875,-2.309000015258789,0.20600000023841858,0.15700000524520874
1725956245600792300,5.794792236328125,-2.127000093460083,0.22599999606609344,0.010999999940395355
1725956245619527200,5.813527099609375,-2.5840001106262207,-0.8040000200271606,0.4819999933242798
1725956245638261500,5.832261474609375,-1.3250000476837158,-0.3269999921321869,0.4580000042915344
1725956245656996400,5.850996337890625,-0.38600000739097595,0.8140000104904175,0.210999995470047
1725956245675730700,5.869730712890625,-0.5920000076293945,1.8020000457763672,0.8790000081062317
1725956245694465500,5.888465576171875,-0.9929999709129333,1.1779999732971191,1.1799999475479126
1725956245713200000,5.9072001953125,-0.24500000476837158,0.16599999368190765,1
1725956245731934700,5.925934814453125,1.7269999980926514,0.2759999930858612,1.1469999551773071
1725956245750669300,5.94466943359375,2.640000104904175,1.065999984741211,0.5989999771118164
1725956245769404200,5.963404052734375,1.534999966621399,1.4589999914169312,0.5120000243186951
1725956245788138800,5.982138671875,1.4620000123977661,0.38100001215934753,0.6019999980926514
1725956245806873300,6.000873291015625,2.9719998836517334,-0.8130000233650208,0.26499998569488525
1725956245825608000,6.01960791015625,3.177000045776367,-1.1469999551773071,1.25
1725956245844342800,6.0383427734375,2.5409998893737793,-1.2790000438690186,0.42800000309944153
1725956245863077400,6.057077392578125,2.2990000247955322,-2.2279999256134033,0.8539999723434448
1725956245881812000,6.07581201171875,2.994999885559082,-3.127000093460083,1.7000000476837158
1725956245900546600,6.094546630859375,2.9749999046325684,-3.3380000591278076,1.621999979019165
1725956245919281400,6.113281494140625,2.4179999828338623,-2.936000108718872,0.527999997138977
1725956245938015700,6.132015625,2.812000036239624,-3.0360000133514404,0.11100000143051147
1725956245956750600,6.15075048828125,2.813999891281128,-3.2209999561309814,0.06199999898672104
1725956245975485000,6.16948486328125,2.4649999141693115,-3.625,-0.9990000128746033
1725956245994219800,6.1882197265625,2.009000062942505,-3.861999988555908,-1.684000015258789
1725956246012954400,6.206954345703125,1.7339999675750732,-3.23799991607666,-1.61899995803833
1725956246031689000,6.22568896484375,2.7980000972747803,-2.684999942779541,-2.1549999713897705
1725956246050423800,6.244423828125,0.9580000042915344,-1.7130000591278076,-1.9600000381469727
1725956246069158400,6.263158447265625,0.014000000432133675,-0.699999988079071,-1.149999976158142
1725956246087893000,6.28189306640625,0.4690000116825104,0.33500000834465027,-1.2730000019073486
1725956246106627600,6.300627685546875,2.1059999465942383,1.4129999876022339,-2.684000015258789
1725956246125362200,6.319362060546875,2.4830000400543213,1.9630000591278076,-3.0980000495910645
1725956246144097000,6.338096923828125,0.9210000038146973,1.375,-2.2149999141693115
1725956246162831600,6.35683154296875,0.7279999852180481,0.6830000281333923,-2.618000030517578
1725956246181566200,6.375566162109375,0.6010000109672546,0.9980000257492065,-2.9119999408721924
1725956246200300800,6.39430078125,-0.42399999499320984,1.5230000019073486,-1.8250000476837158
1725956246219035400,6.413035400390625,-1.7990000247955322,1.5390000343322754,-0.4959999918937683
1725956246237770200,6.431770263671875,-3.0789999961853027,0.8429999947547913,-0.5289999842643738
1725956246256504600,6.450504638671875,-3.2750000953674316,0.6240000128746033,-1.0499999523162842
1725956246275239400,6.469239501953125,-2.8239998817443848,1.3229999542236328,-1.2319999933242798
1725956246293973800,6.487973876953125,-2.9709999561309814,1.3079999685287476,-0.7570000290870667
1725956246312708600,6.50670849609375,-4.61899995803833,0.46299999952316284,-0.03099999949336052
1725956246331443200,6.525443115234375,-4.499000072479248,0,0.6980000138282776
1725956246350177800,6.544177734375,-3.1630001068115234,0.39899998903274536,0.6240000128746033
1725956246368912400,6.562912353515625,-3.8970000743865967,1.6929999589920044,0.7979999780654907
1725956246387647000,6.58164697265625,-4.228000164031982,2.052999973297119,0.6940000057220459
1725956246406381800,6.6003818359375,-3.6419999599456787,1.2799999713897705,0.4390000104904175
1725956246425116400,6.619116455078125,-0.9259999990463257,0.3880000114440918,-0.3630000054836273
1725956246443851000,6.63785107421875,-0.1120000034570694,1.159999966621399,-0.5210000276565552
1725956246462585900,6.6565859375,-2.36299991607666,1.496999979019165,-0.026000000536441803
1725956246481320200,6.6753203125,-1.7890000343322754,0.009999999776482582,-0.22699999809265137
1725956246500055000,6.694054931640625,1.3370000123977661,-0.375,0.14900000393390656
1725956246518789600,6.71278955078125,0.5109999775886536,0.14000000059604645,0.5799999833106995
1725956246537524200,6.731524169921875,-1.1089999675750732,0.9330000281333923,1.0770000219345093
1725956246556258800,6.7502587890625,-0.11100000143051147,1.055999994277954,0.9269999861717224
1725956246574993400,6.768993408203125,0.7570000290870667,0.06800000369548798,0.6840000152587891
1725956246593728300,6.787728271484375,-0.34200000762939453,-1.225000023841858,0.5289999842643738
1725956246612462800,6.806462890625,-0.7239999771118164,-1.3339999914169312,1.4559999704360962
1725956246631197400,6.825197509765625,-1.00600004196167,-0.5740000009536743,1.7369999885559082
1725956246649932000,6.84393212890625,-0.9020000100135803,-0.8009999990463257,1.5290000438690186
1725956246668667000,6.8626669921875,-0.08799999952316284,-0.38499999046325684,1.4529999494552612
1725956246687401500,6.8814013671875,-0.39800000190734863,-0.08900000154972076,1.7589999437332153
1725956246706136000,6.900135986328125,-0.5960000157356262,-0.4180000126361847,1.8990000486373901
1725956246724871000,6.918870849609375,0.08399999886751175,-0.22100000083446503,1.7710000276565552
1725956246743605200,6.937605224609375,-0.7519999742507935,0.14000000059604645,1.8669999837875366
1725956246762340000,6.956340087890625,-1.0429999828338623,-0.4090000092983246,1.2949999570846558
1725956246781074400,6.975074462890625,-1.3940000534057617,-0.9359999895095825,0.5799999833106995
1725956246799809300,6.993809326171875,-1.3329999446868896,-0.7940000295639038,0.3529999852180481
1725956246818543900,7.0125439453125,-1.3229999542236328,-0.5910000205039978,-0.1720000058412552
1725956246837278500,7.031278564453125,-0.5580000281333923,-0.7979999780654907,-0.5149999856948853
1725956246856013300,7.050013427734375,-0.5080000162124634,-1.61899995803833,-1.0470000505447388
1725956246874747600,7.06874755859375,0.5009999871253967,-0.5870000123977661,-1.5119999647140503
1725956246893482500,7.087482421875,1.6410000324249268,-0.33399999141693115,-1.7769999504089355
1725956246912216800,7.106216796875,1.309999942779541,-0.7730000019073486,-1.7039999961853027
1725956246930951700,7.12495166015625,0.9269999861717224,-0.5580000281333923,-1.6349999904632568
1725956246949686500,7.1436865234375,1.1699999570846558,-0.17000000178813934,-1.0180000066757202
1725956246968420900,7.1624208984375,1.1720000505447388,-0.453000009059906,-1.1100000143051147
1725956246987155700,7.18115576171875,1.1729999780654907,-0.7210000157356262,-0.7149999737739563
1725956247005890300,7.199890380859375,1.715999960899353,-0.6209999918937683,-0.39899998903274536
1725956247024625000,7.218625,1.6319999694824219,-0.4000000059604645,-0.34599998593330383
1725956247043359700,7.23735986328125,1.7120000123977661,0.0020000000949949026,-0.328000009059906
1725956247062094300,7.25609423828125,1.3270000219345093,0.029999999329447746,-0.47200000286102295
1725956247080829000,7.274828857421875,0.6079999804496765,-0.3840000033378601,-0.5529999732971191
1725956247099563500,7.2935634765625,0.6290000081062317,-0.5590000152587891,-0.5699999928474426
1725956247118298000,7.312298095703125,1.343999981880188,-0.37299999594688416,-0.8149999976158142
1725956247137032700,7.33103271484375,0.7689999938011169,-0.1509999930858612,-0.5690000057220459
1725956247155767600,7.349767578125,-0.328000009059906,0.08500000089406967,-0.3070000112056732
1725956247174502000,7.368501953125,-0.5849999785423279,0.33500000834465027,0.013000000268220901
1725956247193236700,7.38723681640625,0.2160000056028366,0.22599999606609344,0.3540000021457672
1725956247211971000,7.40597119140625,0.23800000548362732,0.0560000017285347,0.14499999582767487
1725956247230706000,7.424705810546875,0.3059999942779541,0.07100000232458115,0.2460000067949295
1725956247249440500,7.4434404296875,0.21799999475479126,-0.006000000052154064,0.2370000034570694
1725956247268175000,7.462175048828125,-0.21899999678134918,-0.11999999731779099,0.1770000010728836
1725956247286910000,7.480909912109375,0.010999999940395355,-0.032999999821186066,0.24899999797344208
1725956247305644500,7.49964453125,0.44200000166893005,0.012000000104308128,0.2160000056028366
1725956247324379100,7.518379150390625,0.9829999804496765,-0.05400000140070915,-0.07199999690055847
1725956247343113700,7.53711376953125,0.9259999990463257,-0.0010000000474974513,-0.39899998903274536
1725956247361848300,7.555848388671875,1.534000039100647,-0.5379999876022339,-0.6869999766349792
1725956247380583000,7.5745830078125,1.9739999771118164,-0.39800000190734863,-0.7689999938011169
1725956247399317500,7.5933173828125,1.5010000467300415,0.11699999868869781,-1.0859999656677246
1725956247418052400,7.61205224609375,1.4709999561309814,0.12099999934434891,-1.350000023841858
1725956247436787000,7.630786865234375,1.934999942779541,-0.5820000171661377,-1.3650000095367432
1725956247455521500,7.649521484375,2.3529999256134033,-0.6389999985694885,-1.5579999685287476
1725956247474256400,7.66825634765625,1.75600004196167,-0.33500000834465027,-1.1330000162124634
1725956247492990700,7.68699072265625,0.2630000114440918,-0.2029999941587448,-1.031000018119812
1725956247511725600,7.7057255859375,-0.12399999797344208,-0.36399999260902405,-0.7490000128746033
1725956247530460200,7.724460205078125,0.2939999997615814,-0.10000000149011612,-0.6790000200271606
1725956247549194800,7.74319482421875,0.004000000189989805,-0.13300000131130219,-1.6119999885559082
1725956247567929300,7.761929443359375,-2.49399995803833,-0.26600000262260437,-2.2290000915527344
1725956247586664000,7.780663818359375,-2.2149999141693115,-0.3179999887943268,-0.7599999904632568
1725956247605398800,7.799398681640625,-2.381999969482422,-0.4309999942779541,0.5370000004768372
1725956247624133400,7.81813330078125,-2.796999931335449,-0.8840000033378601,0.4020000100135803
1725956247642868000,7.836867919921875,-2.7890000343322754,-0.8539999723434448,0.414000004529953
1725956247661602600,7.8556025390625,-3.6579999923706055,-0.4020000100135803,1.3539999723434448
1725956247680337400,7.87433740234375,-3.806999921798706,-0.7509999871253967,1.3860000371932983
1725956247699072000,7.893072021484375,-1.503999948501587,-0.699999988079071,-0.1469999998807907
1725956247717806600,7.911806640625,-1.6339999437332153,-0.2759999930858612,-0.6159999966621399
1725956247736541200,7.930541259765625,-1.8899999856948853,-0.37599998712539673,-0.057999998331069946
1725956247755275800,7.94927587890625,-1.8140000104904175,-0.8360000252723694,0.4860000014305115
1725956247774010600,7.9680107421875,-1.8930000066757202,-1.093000054359436,0.781000018119812
1725956247792745200,7.9867451171875,-1.6139999628067017,-1.093999981880188,2.0510001182556152
1725956247811479800,8.005479736328125,-1.9919999837875366,-1.2940000295639038,0.652999997138977
1725956247830214700,8.024214599609374,-2.51200008392334,-0.8309999704360962,0.12399999797344208
1725956247848949000,8.042948974609375,-0.9810000061988831,-0.5389999747276306,0
1725956247867683800,8.061683837890625,-0.5789999961853027,-0.06300000101327896,-0.8109999895095825
1725956247886418400,8.08041845703125,0.08100000023841858,0.20200000703334808,-1.8289999961853027
1725956247905153000,8.099153076171875,0.2280000001192093,1.100000023841858,-1.3009999990463257
1725956247923887900,8.117887939453125,-0.21899999678134918,0.8659999966621399,-0.47999998927116394
1725956247942622200,8.136622314453126,-0.5799999833106995,0.43700000643730164,-0.9369999766349792
1725956247961357000,8.155357177734375,-0.875,0.43700000643730164,-1.1009999513626099
1725956247980091600,8.174091552734374,0.824999988079071,-0.296999990940094,-3.5959999561309814
1725956247998826200,8.192826171875,3.372999906539917,-0.3310000002384186,-5.445000171661377
1725956248017560800,8.211560791015625,4.298999786376953,0.31700000166893005,-5.492000102996826
1725956248036295400,8.23029541015625,-0.765999972820282,0.4440000057220459,-2.8980000019073486
1725956248055030300,8.2490302734375,-0.2070000022649765,-0.33000001311302185,-1.621999979019165
1725956248073764900,8.267764892578125,0.28600001335144043,-0.1599999964237213,-2.990000009536743
1725956248092499500,8.28649951171875,1.6670000553131104,0.26100000739097595,-3.759999990463257
1725956248111234000,8.305234130859375,1.6729999780654907,0.781000018119812,-2.436000108718872
1725956248129968600,8.32396875,2.140000104904175,-1.027999997138977,-1.5260000228881836
1725956248148703200,8.342703125,3.009999990463257,-1.222000002861023,-1.003999948501587
1725956248167437800,8.361437744140625,1.774999976158142,-0.17299999296665192,-2.447999954223633
1725956248186172700,8.380172607421875,0.2540000081062317,0.21400000154972076,-4.73199987411499
1725956248204907000,8.398906982421876,-1.2200000286102295,-0.41499999165534973,-3.0160000324249268
1725956248223641900,8.417641845703125,-2.486999988555908,-0.6840000152587891,-1.4459999799728394
1725956248242376700,8.436376708984374,-1.5920000076293945,-0.3479999899864197,-1.1770000457763672
1725956248261111000,8.455111083984375,-0.3490000069141388,-0.13199999928474426,-0.6259999871253967
1725956248279845600,8.473845703125,-0.6470000147819519,0.06499999761581421,-1.3359999656677246
1725956248298580500,8.49258056640625,-2.4839999675750732,-0.8460000157356262,-1.718999981880188
1725956248317314800,8.511314697265625,-2.7070000171661377,-1.4780000448226929,-1.5499999523162842
1725956248336049700,8.530049560546875,-2.496000051498413,-0.7919999957084656,0.9860000014305115
1725956248354784300,8.5487841796875,-2.747999906539917,-1.2680000066757202,1.1069999933242798
1725956248373518800,8.567518798828125,-2.5239999294281006,-1.3370000123977661,-0.12099999934434891
1725956248392253700,8.586253662109375,-2.9130001068115234,-0.3370000123977661,0.37400001287460327
1725956248410988000,8.604988037109376,-3.2720000743865967,-0.07699999958276749,0.5239999890327454
1725956248429722600,8.62372265625,-4.209000110626221,-0.23499999940395355,0.5180000066757202
1725956248448457500,8.64245751953125,-4.085000038146973,-0.5009999871253967,0.33500000834465027
1725956248467192000,8.661192138671876,-4.175000190734863,-0.6100000143051147,-0.10499999672174454
1725956248485926700,8.6799267578125,-3.7720000743865967,-1.1039999723434448,0.12200000137090683
1725956248504661200,8.6986611328125,-2.9170000553131104,-1.3739999532699585,-0.6129999756813049
1725956248523396000,8.71739599609375,-1.2970000505447388,-1.0140000581741333,-1.1399999856948853
1725956248542130700,8.736130615234375,-0.9089999794960022,-0.5210000276565552,-0.7599999904632568
1725956248560865300,8.754865234375,-2.7339999675750732,-0.2770000100135803,-1.2619999647140503
1725956248579600100,8.77360009765625,-2.3929998874664307,-0.38999998569488525,-0.49799999594688416
1725956248598334500,8.79233447265625,-0.4650000035762787,-0.4690000116825104,-0.0820000022649765
1725956248617069300,8.8110693359375,-1.7039999961853027,-0.48100000619888306,-0.9919999837875366
1725956248635804000,8.829803955078125,0.4390000104904175,-0.1889999955892563,-2.63100004196167
1725956248654538500,8.84853857421875,-0.7319999933242798,0.32199999690055847,-1.9550000429153442
1725956248673273300,8.8672734375,0.12099999934434891,-0.3959999978542328,-0.6480000019073486
1725956248692008000,8.886008056640625,-0.8870000243186951,-0.257999986410141,-0.4560000002384186
1725956248710742500,8.904742431640624,-0.8859999775886536,0.035999998450279236,-1.3630000352859497
1725956248729477000,8.92347705078125,1.5199999809265137,0.4560000002384186,-2.194000005722046
1725956248748211700,8.942211669921875,3.11899995803833,0.48399999737739563,-3.569000005722046
1725956248766946300,8.9609462890625,2.6700000762939453,0.4519999921321869,-2.994999885559082
1725956248785681200,8.97968115234375,1.6460000276565552,0.13500000536441803,-2.746000051498413
1725956248804415700,8.998415771484375,2.318000078201294,-0.17399999499320984,-3.0969998836517334
1725956248823150300,9.017150390625,3.171999931335449,0.006000000052154064,-4.824999809265137
1725956248841885200,9.03588525390625,2.4830000400543213,0.6230000257492065,-4.258999824523926
1725956248860619500,9.05461962890625,1.2690000534057617,-0.13600000739097595,-3.065999984741211
1725956248879354400,9.073354248046876,2.0199999809265137,-0.9649999737739563,-3.5460000038146973
1725956248898089000,9.0920888671875,2.3559999465942383,0.24300000071525574,-4.197000026702881
1725956248916823600,9.110823486328124,3.759999990463257,0.6029999852180481,-3.63100004196167
1725956248935558100,9.12955810546875,1.5839999914169312,-0.5569999814033508,-3.3989999294281006
1725956248954292700,9.148292724609375,-1.0709999799728394,-1.559000015258789,-3.3940000534057617
1725956248973027300,9.16702734375,-1.7410000562667847,-0.8569999933242798,-2.490999937057495
1725956248991762000,9.185761962890625,-2.427000045776367,-0.06300000101327896,-2.5840001106262207
1725956249010496800,9.204496826171875,-1.8009999990463257,-0.45100000500679016,-1.0119999647140503
1725956249029231400,9.2232314453125,-1.9019999504089355,-0.18000000715255737,-0.3930000066757202
1725956249047966000,9.241966064453125,-2.8529999256134033,-0.2460000067949295,-0.2029999941587448
1725956249066700500,9.260700439453124,-3.7170000076293945,-0.6869999766349792,0.9200000166893005
1725956249085435100,9.27943505859375,-3.697000026702881,-0.7549999952316284,1.315999984741211
1725956249104170000,9.298169921875,-3.7179999351501465,-0.8230000138282776,2.23799991607666
1725956249122904300,9.316904296875,-3.0160000324249268,-0.722000002861023,2.578000068664551
1725956249141639200,9.33563916015625,-3.927000045776367,-0.7459999918937683,2.380000114440918
1725956249160373500,9.35437353515625,-4.875999927520752,-0.753000020980835,2
1725956249179108400,9.3731083984375,-3.7230000495910645,-0.6859999895095825,1.1979999542236328
1725956249197843000,9.391843017578125,-3.503999948501587,-0.9629999995231628,1.4579999446868896
1725956249216577500,9.41057763671875,-2.4600000381469727,-1.7079999446868896,2.2809998989105225
1725956249235312400,9.4293125,-1.5199999809265137,-1.5750000476837158,3.23799991607666
1725956249254046700,9.448046630859375,-3.2230000495910645,-0.9819999933242798,3.4230000972747803
1725956249272781600,9.466781494140625,-4.434000015258789,-0.49799999594688416,2.7339999675750732
1725956249291516000,9.485515869140626,-3.881999969482422,-0.1469999998807907,2.2239999771118164
1725956249310250800,9.504250732421875,-2.8299999237060547,-0.2290000021457672,2.177999973297119
1725956249328985300,9.5229853515625,-3.312000036239624,-1.1180000305175781,1.6410000324249268
1725956249347720000,9.541719970703125,-3.8320000171661377,-0.7720000147819519,1.3969999551773071
1725956249366454800,9.560454833984375,-2.1489999294281006,-0.7409999966621399,-2.2750000953674316
1725956249385189400,9.579189453125,0.7850000262260437,-0.004000000189989805,-5.183000087738037
1725956249403924000,9.597924072265625,2.005000114440918,1.2890000343322754,-5.836999893188477
1725956249422658600,9.616658447265625,-0.11900000274181366,1.7489999532699585,-3.063999891281128
1725956249441393200,9.63539306640625,-1.1390000581741333,-0.3449999988079071,-3.2160000801086426
1725956249460128000,9.6541279296875,0.42500001192092896,-1.0449999570846558,-4.857999801635742
1725956249478862600,9.672862548828125,3.0490000247955322,-0.43700000643730164,-7.355000019073486
1725956249497597200,9.69159716796875,3.2669999599456787,0.48399999737739563,-6.322000026702881
1725956249516331800,9.710331787109375,1.7790000438690186,0.04699999839067459,-4.895999908447266
1725956249535066400,9.72906640625,0.8659999966621399,-0.5230000019073486,-5.65500020980835
1725956249553801200,9.74780126953125,0.6499999761581421,0.824999988079071,-4.01200008392334
1725956249572535600,9.76653564453125,-1.0759999752044678,-0.31200000643730164,-1.809000015258789
1725956249591270100,9.785270263671874,-2.1570000648498535,-0.8050000071525574,-0.6100000143051147
1725956249610004700,9.804004638671875,-1.440999984741211,-0.42399999499320984,0.013000000268220901
1725956249628739300,9.8227392578125,-2.0859999656677246,0.15600000321865082,-0.21799999475479126
1725956249647474000,9.841473876953126,-1.347000002861023,0.04899999871850014,0.6100000143051147
1725956249666208800,9.860208740234375,-0.32600000500679016,-0.3100000023841858,0.546999990940094
1725956249684943400,9.878943359375,-0.7160000205039978,0.2930000126361847,0.5440000295639038
1725956249703678200,9.89767822265625,-1.2510000467300415,-0.01600000075995922,0.6119999885559082
1725956249722412500,9.91641259765625,-1.6349999904632568,-0.4869999885559082,1.8890000581741333
1725956249741147400,9.9351474609375,-2.055000066757202,-0.8519999980926514,2.4000000953674316
1725956249759882200,9.95388232421875,-1.6419999599456787,-0.902999997138977,1.7350000143051147
1725956249778616600,9.972616455078125,-1.031999945640564,-0.5770000219345093,1.878000020980835
1725956249797351400,9.991351318359374,-2.115000009536743,-0.6230000257492065,1.8170000314712524
1725956249816086000,10.0100859375,-1.312000036239624,-0.7329999804496765,1.3250000476837158
1725956249834820600,10.028820556640625,-0.6669999957084656,-0.4189999997615814,1.406999945640564
1725956249853555500,10.047555419921874,-0.7950000166893005,-0.4230000078678131,1.027999997138977
1725956249872290000,10.0662900390625,-1.6920000314712524,-0.41600000858306885,0.3190000057220459
1725956249891024400,10.0850244140625,-1.784000039100647,-0.10599999874830246,0.7440000176429749
1725956249909759200,10.10375927734375,-2.5160000324249268,-0.21799999475479126,1.0509999990463257
1725956249928493800,10.122493896484375,-3.0329999923706055,-0.13699999451637268,0.2529999911785126
1725956249947228400,10.141228515625,-3.375999927520752,-0.3330000042915344,0.164000004529953
1725956249965963000,10.159962890625,-2.4240000247955322,-0.7570000290870667,-3.063999891281128
1725956249984697600,10.178697509765625,1.934000015258789,-0.5460000038146973,-4.559999942779541
1725956250003432200,10.19743212890625,3.068000078201294,-0.7110000252723694,-3.5460000038146973
1725956250022166800,10.216166748046875,1.062999963760376,0.08699999749660492,-1.8070000410079956
1725956250040901600,10.234901611328125,0.6600000262260437,0.5809999704360962,-2.0940001010894775
1725956250059636000,10.253635986328124,-0.3889999985694885,-0.04399999976158142,-1.88100004196167
1725956250078370800,10.272370849609375,-0.4050000011920929,-0.7160000205039978,-1.8209999799728394
1725956250097105400,10.29110546875,-0.09300000220537186,-0.38499999046325684,-2.424999952316284
1725956250115840000,10.309840087890626,-0.19599999487400055,0.3310000002384186,-2.368000030517578
1725956250134574800,10.328574951171875,-0.3149999976158142,0.2029999941587448,-0.9340000152587891
1725956250153309400,10.347309326171874,0.0820000022649765,-0.48899999260902405,-0.6029999852180481
1725956250172044000,10.3660439453125,0.25099998712539673,-0.8130000233650208,-1.3890000581741333
1725956250190779000,10.38477880859375,0.6110000014305115,-0.5090000033378601,-1.8739999532699585
1725956250209513200,10.40351318359375,0.8370000123977661,-0.33899998664855957,-1.6790000200271606
1725956250228248000,10.422248046875,0.4690000116825104,0.22100000083446503,-2.249000072479248
1725956250246982700,10.440982666015625,0.04600000008940697,0.2029999941587448,-3.125999927520752
1725956250265717200,10.45971728515625,0.7760000228881836,-0.6790000200271606,-3.828000068664551
1725956250284452000,10.4784521484375,1.7710000276565552,-1.1399999856948853,-3.38100004196167
1725956250303186700,10.497186767578125,1.2660000324249268,-0.6489999890327454,-2.066999912261963
1725956250321921300,10.51592138671875,0.1550000011920929,0.00800000037997961,-2.177999973297119
1725956250340655900,10.53465576171875,-1.0809999704360962,-0.22699999809265137,-2.744999885559082
1725956250359390500,10.553390380859375,-0.8389999866485596,-0.45500001311302185,-1.9529999494552612
1725956250378125000,10.572125,-1.0260000228881836,-0.8799999952316284,-1.6419999599456787
1725956250396860000,10.59085986328125,0.878000020980835,-0.05700000002980232,-1.1009999513626099
1725956250415594200,10.60959423828125,0.19699999690055847,0.14499999582767487,-1.2389999628067017
1725956250434329000,10.6283291015625,-0.9879999756813049,0.5649999976158142,-0.5899999737739563
1725956250453063700,10.647063720703125,-1.9040000438690186,0.4350000023841858,-0.2770000100135803
1725956250471798300,10.66579833984375,-1.062999963760376,-0.453000009059906,0.37400001287460327
1725956250490532900,10.684532958984375,-0.06400000303983688,-0.5590000152587891,0.7820000052452087
1725956250509267700,10.703267822265625,0.6800000071525574,-0.8399999737739563,1.9559999704360962
1725956250528002300,10.722002197265626,0.6200000047683716,-0.5929999947547913,2.447000026702881
1725956250546737000,10.74073681640625,-0.3019999861717224,-0.8679999709129333,2.8970000743865967
1725956250565471500,10.759471435546875,-1.1380000114440918,-1.2760000228881836,2.6700000762939453
1725956250584206300,10.778206298828126,-1.3550000190734863,-0.5979999899864197,2.2980000972747803
1725956250602940700,10.796940673828125,-0.4440000057220459,0.0430000014603138,2.3359999656677246
1725956250621675500,10.815675537109374,1.062000036239624,0.19099999964237213,2.88700008392334
1725956250640409900,10.834409912109376,0.718999981880188,-0.5239999890327454,2.7990000247955322
1725956250659144700,10.853144775390625,0.8199999928474426,-0.800000011920929,3.127000093460083
1725956250677879300,10.87187939453125,0.9409999847412109,-0.7870000004768372,3.125999927520752
1725956250696614000,10.89061376953125,0.5249999761581421,-1.2109999656677246,1.8819999694824219
1725956250715348700,10.9093486328125,1.3680000305175781,-0.8870000243186951,1.6610000133514404
1725956250734083000,10.9280830078125,2.1519999504089355,-1.2649999856948853,1.1239999532699585
1725956250752818000,10.94681787109375,0.6909999847412109,-1.4819999933242798,0.125
1725956250771552500,10.965552490234375,0.25099998712539673,-1.180999994277954,-0.4569999873638153
1725956250790287000,10.984287109375,0.625,-1.4329999685287476,0.20600000023841858
1725956250809021700,11.003021728515625,-0.061000000685453415,-1.4900000095367432,0.625
1725956250827756300,11.02175634765625,-0.3059999942779541,-1.6180000305175781,0.1770000010728836
1725956250846491100,11.0404912109375,0.09300000220537186,-1.8270000219345093,0.027000000700354576
1725956250865225700,11.059225830078125,-0.5080000162124634,-1.8739999532699585,-0.07999999821186066
1725956250883960300,11.077960205078124,-2.239000082015991,-1.2319999933242798,1.3459999561309814
1725956250902695200,11.096695068359375,-4.561999797821045,-0.8100000023841858,1.934000015258789
1725956250921429500,11.115429443359375,-5.702000141143799,-1.7380000352859497,0.2750000059604645
1725956250940164400,11.134164306640624,-3.88700008392334,-1.7309999465942383,-2.2269999980926514
1725956250958899000,11.15289892578125,-0.3319999873638153,-0.9950000047683716,-3.953000068664551
1725956250977633500,11.171633544921875,0.8880000114440918,-1.062000036239624,-3.6010000705718994
1725956250996368100,11.1903681640625,0.0989999994635582,-1.1269999742507935,-1.9880000352859497
1725956251015102700,11.209102783203125,1.9759999513626099,-0.8849999904632568,-2.796999931335449
1725956251033837600,11.227837646484375,1.1740000247955322,-0.8330000042915344,-3.38100004196167
1725956251052572200,11.246572265625,-0.3569999933242798,-1.0440000295639038,-2.9779999256134033
1725956251071306800,11.265306640625,0.5770000219345093,-1.3140000104904175,-3.2890000343322754
1725956251090041300,11.284041259765624,2.940999984741211,-0.7509999871253967,-4.005000114440918
1725956251108776000,11.30277587890625,4.493000030517578,-0.00800000037997961,-3.6579999923706055
1725956251127510500,11.321510498046875,4.440000057220459,0.3070000112056732,-3.953000068664551
1725956251146245400,11.340245361328124,3.450000047683716,0.8610000014305115,-3.927000045776367
1725956251164979700,11.358979736328125,2.7960000038146973,0.5220000147819519,-3.5190000534057617
1725956251183714600,11.377714599609375,2.9739999771118164,-0.9610000252723694,-2.684000015258789
1725956251202449200,11.39644921875,2.943000078201294,-1.3880000114440918,-2.803999900817871
1725956251221183700,11.415183837890625,1.531000018119812,-1.312000036239624,-2.3510000705718994
1725956251239918600,11.433918701171875,0.5600000023841858,-0.7080000042915344,-0.9399999976158142
1725956251258653000,11.45265283203125,0.27300000190734863,-0.5299999713897705,-0.8510000109672546
1725956251277387800,11.4713876953125,-0.032999999821186066,-1.315999984741211,-1.6679999828338623
1725956251296122400,11.490122314453124,-0.2460000067949295,-0.8130000233650208,-1.9229999780654907
1725956251314857000,11.50885693359375,-1.2330000400543213,-0.21699999272823334,-1.440000057220459
1725956251333591800,11.527591796875,-2.5260000228881836,0.210999995470047,-0.5640000104904175
1725956251352326100,11.546326171875,-2.0799999237060547,-0.23800000548362732,-0.3869999945163727
1725956251371061000,11.56506103515625,-2.3359999656677246,-0.14800000190734863,-0.5690000057220459
1725956251389795300,11.58379541015625,-2.687000036239624,0.06599999964237213,-0.9390000104904175
1725956251408530200,11.6025302734375,-0.8050000071525574,0.007000000216066837,-0.20999999344348907
1725956251427264800,11.6212646484375,-1.031000018119812,-0.7210000157356262,0.6309999823570251
1725956251445999400,11.639999267578125,-1.0160000324249268,-0.9570000171661377,1.7319999933242798
1725956251464734000,11.65873388671875,-2.193000078201294,0.1120000034570694,2.6449999809265137
1725956251483468500,11.677468505859375,-1.5609999895095825,0.41600000858306885,2.8589999675750732
1725956251502203400,11.696203369140624,-0.6589999794960022,0.017000000923871994,2.4579999446868896
1725956251520938000,11.71493798828125,0.8289999961853027,-0.07800000160932541,3.377000093460083
1725956251539672600,11.733672607421875,2.3559999465942383,-0.49000000953674316,3.3929998874664307
1725956251558407400,11.752407470703124,3.3940000534057617,-0.13699999451637268,2.5360000133514404
1725956251577141800,11.771141845703125,2.0490000247955322,0.23800000548362732,2.9549999237060547
1725956251595876600,11.789876708984375,1.5850000381469727,-0.18199999630451202,3.0420000553131104
1725956251614611200,11.808611083984376,1.2300000190734863,-0.4230000078678131,3.3510000705718994
1725956251633345800,11.827345703125,0.5590000152587891,-0.671999990940094,2.440000057220459
1725956251652080600,11.84608056640625,1.2999999523162842,-0.9430000185966492,1.534999966621399
1725956251670815000,11.86481494140625,0.8980000019073486,-1.0420000553131104,1.2050000429153442
1725956251689549800,11.8835498046875,-0.04600000008940697,-0.781000018119812,0.6639999747276306
1725956251708284400,11.902284423828124,-0.18700000643730164,-1.0360000133514404,0.2460000067949295
1725956251727019000,11.92101904296875,-0.7979999780654907,-1.3969999551773071,-0.004000000189989805
1725956251745753600,11.939753662109375,-0.7839999794960022,-1.1950000524520874,-0.13099999725818634
1725956251764488200,11.95848828125,-1.8489999771118164,-1.4179999828338623,-0.7200000286102295
1725956251783223000,11.97722314453125,-2.1649999618530273,-1.6119999885559082,-0.9570000171661377
1725956251801957600,11.99595751953125,-1.0230000019073486,-1.4889999628067017,-1.0540000200271606
1725956251820692200,12.014692138671874,-0.800000011920929,-1.2239999771118164,-0.5379999876022339
1725956251839426800,12.0334267578125,-2.312000036239624,-0.8130000233650208,0.3490000069141388
1725956251858161400,12.052161376953125,-3.61299991607666,-1.4709999561309814,0.08900000154972076
1725956251876896000,12.07089599609375,-2.994999885559082,-1.781000018119812,-3.015000104904175
1725956251895630800,12.089630859375,-0.25099998712539673,-1.2400000095367432,-4.306000232696533
1725956251914365400,12.108365478515625,2.0439999103546143,0.004000000189989805,-2.375999927520752
1725956251933100000,12.12710009765625,-1.156999945640564,-0.4099999964237213,-1.690999984741211
1725956251951834600,12.145834716796875,-0.3479999899864197,-0.953000009059906,-2.1619999408721924
1725956251970569200,12.1645693359375,1.9850000143051147,-0.8709999918937683,-3.3570001125335693
1725956251989304000,12.183303955078125,3.4049999713897705,0.39399999380111694,-3.5950000286102295
1725956252008038700,12.20203857421875,2.378000020980835,1.0509999990463257,-2.4070000648498535
1725956252026773200,12.220773193359374,0.8870000243186951,0.5720000267028809,-1.906000018119812
1725956252045508000,12.239508056640625,2.003000020980835,0.04100000113248825,-2.2360000610351562
1725956252064242400,12.258242431640625,3.427000045776367,-0.3840000033378601,-2.4839999675750732
1725956252082977300,12.276977294921876,3.609999895095825,0.04800000041723251,-1.6759999990463257
1725956252101712000,12.2957119140625,2.796999931335449,0.009999999776482582,-1.215999960899353
1725956252120446500,12.314446533203125,2.3289999961853027,-0.03200000151991844,-1.00600004196167
1725956252139181000,12.33318115234375,2.555999994277954,0.164000004529953,-1.190999984741211
1725956252157915600,12.35191552734375,3.1019999980926514,-0.4300000071525574,-1.8329999446868896
1725956252176650500,12.370650390625,2.23799991607666,-0.6710000038146973,-1.4839999675750732
1725956252195384800,12.389384765625,0.7059999704360962,-0.23499999940395355,-0.8579999804496765
1725956252214119700,12.40811962890625,-0.7860000133514404,0.5429999828338623,-0.8330000042915344
1725956252232854300,12.426854248046874,-1.7289999723434448,0.12300000339746475,-0.6439999938011169
1725956252251588900,12.4455888671875,-1.9299999475479126,-0.5580000281333923,0.18700000643730164
1725956252270323700,12.46432373046875,-2.5759999752044678,-0.5690000057220459,0.37400001287460327
1725956252289058000,12.48305810546875,-3.3410000801086426,-0.5270000100135803,-0.4729999899864197
1725956252307793000,12.50179296875,-2.0769999027252197,-0.26100000739097595,-0.7929999828338623
1725956252326527700,12.52052783203125,-0.921999990940094,-0.3479999899864197,0.4699999988079071
1725956252345262000,12.539261962890626,-1.1490000486373901,-0.6240000128746033,0.5019999742507935
1725956252363997000,12.557996826171875,-1.5019999742507935,-0.26899999380111694,0.07500000298023224
1725956252382731500,12.5767314453125,-2.510999917984009,0.39399999380111694,-0.01899999938905239
1725956252401466000,12.595466064453126,-1.5529999732971191,0.7310000061988831,1.0479999780654907
1725956252420200700,12.61420068359375,0.009999999776482582,0.14399999380111694,2.1619999408721924
1725956252438935300,12.632935302734374,0.6060000061988831,-0.5070000290870667,2.3239998817443848
1725956252457670100,12.651670166015625,1.0099999904632568,-0.2919999957084656,2.559000015258789
1725956252476404500,12.670404541015625,1.2130000591278076,0.07199999690055847,3.365000009536743
1725956252495139300,12.689139404296874,1.4620000123977661,-0.03999999910593033,3.6710000038146973
1725956252513874200,12.707874267578125,1.9579999446868896,0.003000000026077032,3.364000082015991
1725956252532608500,12.7266083984375,2.180999994277954,0.032999999821186066,2.609999895095825
1725956252551343400,12.74534326171875,2.2820000648498535,0.014999999664723873,2.1600000858306885
1725956252570078000,12.764077880859375,1.3819999694824219,-0.21899999678134918,1.9490000009536743
1725956252588812500,12.7828125,0.6850000023841858,-0.4620000123977661,1.1059999465942383
1725956252607547400,12.80154736328125,0.597000002861023,-0.5809999704360962,1.027999997138977
1725956252626282000,12.820281982421875,-0.2639999985694885,-0.44699999690055847,1.0800000429153442
1725956252645016600,12.8390166015625,-0.7699999809265137,-0.503000020980835,0.41499999165534973
1725956252663751200,12.857751220703125,-0.9039999842643738,-0.31700000166893005,0.3179999887943268
1725956252682486000,12.876486083984375,-0.6650000214576721,-0.5910000205039978,0.2930000126361847
1725956252701220600,12.895220703125,-0.453000009059906,-0.31299999356269836,-0.052000001072883606
1725956252719955200,12.913955078125,-1.2599999904632568,-0.2709999978542328,-0.11699999868869781
1725956252738689800,12.932689697265625,-1.4869999885559082,-0.43700000643730164,-0.3959999978542328
1725956252757424400,12.95142431640625,-0.9520000219345093,-0.546999990940094,-0.7940000295639038
1725956252776159200,12.9701591796875,-0.921999990940094,-0.3240000009536743,-0.8889999985694885
1725956252794893800,12.988893798828125,-1.7269999980926514,-0.8360000252723694,-1.024999976158142
1725956252813628400,13.00762841796875,-1.6799999475479126,-0.7839999794960022,-0.9089999794960022
1725956252832363000,13.026363037109375,-0.7160000205039978,-0.2680000066757202,-0.6629999876022339
1725956252851097900,13.045097900390624,0.014000000432133675,-0.024000000208616257,0.21400000154972076
1725956252869832400,13.06383251953125,-0.3230000138282776,-0.7599999904632568,0.515999972820282
1725956252888567000,13.082567138671875,-1.902999997138977,-1.1890000104904175,0.09399999678134918
1725956252907301600,13.101301513671874,-2.365000009536743,-0.7149999737739563,-2.01200008392334
1725956252926036200,13.1200361328125,-0.9459999799728394,-0.5690000057220459,-2.8940000534057617
1725956252944771000,13.13877099609375,-0.3779999911785126,-0.9819999933242798,-2.927000045776367
1725956252963505700,13.157505615234374,-0.0989999994635582,-0.5759999752044678,-2.697000026702881
1725956252982240300,13.176240234375,1.6239999532699585,0.012000000104308128,-2.8380000591278076
1725956253000975000,13.19497509765625,2.4110000133514404,-0.5289999842643738,-3.0420000553131104
1725956253019709400,13.21370947265625,2.9639999866485596,-0.2590000033378601,-2.1489999294281006
1725956253038444300,13.2324443359375,2.7660000324249268,0.2639999985694885,-1.5859999656677246
1725956253057179000,13.251178955078124,2.8559999465942383,0.48399999737739563,-1.468999981880188
1725956253075913500,13.26991357421875,2.565000057220459,0.8410000205039978,-1.531000018119812
1725956253094648300,13.2886484375,1.7960000038146973,0.43700000643730164,-1.465999960899353
1725956253113383000,13.3073828125,1.2519999742507935,0.21400000154972076,-1.1519999504089355
1725956253132117500,13.326117431640625,1.2309999465942383,0.06400000303983688,-1.0130000114440918
1725956253150852400,13.344852294921875,1.281000018119812,0.11299999803304672,-1.5540000200271606
1725956253169587000,13.3635869140625,1.3289999961853027,0.42899999022483826,-2.177999973297119
1725956253188321300,13.3823212890625,1,-0.3409999907016754,-0.5329999923706055
1725956253207056100,13.40105615234375,0.49300000071525574,-0.19699999690055847,0.5199999809265137
1725956253225790700,13.419790771484376,-0.902999997138977,0.5320000052452087,0.19900000095367432
1725956253244525300,13.438525390625,-1.2879999876022339,0.4410000145435333,-0.8019999861717224
1725956253263260000,13.457260009765625,-0.13300000131130219,-0.6140000224113464,-1.1380000114440918
1725956253281994800,13.475994873046876,-0.032999999821186066,-0.7960000038146973,-0.6060000061988831
1725956253300729300,13.494729248046875,-0.5720000267028809,0.09399999678134918,-0.3970000147819519
1725956253319464000,13.5134638671875,-0.828000009059906,0.32100000977516174,-0.5509999990463257
1725956253338198500,13.532198486328125,-0.4869999885559082,-0.1340000033378601,-0.492000013589859
1725956253356933400,13.550933349609375,-0.2709999978542328,-0.5339999794960022,0.24199999868869781
1725956253375668000,13.56966796875,-0.4659999907016754,-0.22699999809265137,0.27900001406669617
1725956253394402600,13.588402587890625,-0.5,0.017000000923871994,-0.23000000417232513
1725956253413137400,13.607137451171875,-0.18000000715255737,-0.0010000000474974513,0.16300000250339508
1725956253431872000,13.6258720703125,-0.32199999690055847,-0.01899999938905239,1.0959999561309814
1725956253450606600,13.644606689453125,-0.8119999766349792,0.33500000834465027,1.5670000314712524
1725956253469341200,13.663341064453125,-1.1460000276565552,0.44999998807907104,1.0859999656677246
1725956253488076000,13.682075927734376,-0.847000002861023,0.5130000114440918,0.004000000189989805
1725956253506810600,13.700810546875,-0.5849999785423279,0.5099999904632568,-0.09700000286102295
1725956253525545200,13.719545166015624,-0.3540000021457672,0.5329999923706055,0.49900001287460327
1725956253544279800,13.73827978515625,-0.6299999952316284,0.460999995470047,1.2239999771118164
1725956253563014400,13.757014404296875,-0.8399999737739563,0.32199999690055847,1.6019999980926514
1725956253581749200,13.775749267578124,-0.9559999704360962,0.23399999737739563,1.5750000476837158
1725956253600483800,13.79448388671875,-0.9919999837875366,0.4429999887943268,0.7099999785423279
1725956253619218400,13.813218505859375,-0.13500000536441803,0.28600001335144043,-0.44200000166893005
1725956253637953300,13.831953369140624,1.4630000591278076,-0.2370000034570694,-1.2619999647140503
1725956253656687600,13.8506875,1.8609999418258667,-0.5059999823570251,-1.3609999418258667
1725956253675422500,13.86942236328125,1.1670000553131104,-0.35199999809265137,-1.2350000143051147
1725956253694157000,13.888156982421876,0.7509999871253967,-0.24400000274181366,-0.7149999737739563
1725956253712891600,13.9068916015625,0.6209999918937683,-0.07199999690055847,-0.45399999618530273
1725956253731626500,13.92562646484375,0.6179999709129333,0.004000000189989805,-0.16300000250339508
1725956253750361000,13.944361083984376,0.5059999823570251,0.02199999988079071,-0.054999999701976776
1725956253769095700,13.963095703125,0.33799999952316284,0.05999999865889549,-0.0010000000474974513
1725956253787830500,13.98183056640625,0.2980000078678131,0.03200000151991844,0.12399999797344208
1725956253806565000,14.000565185546876,0.13300000131130219,0.11800000071525574,0.19599999487400055
1725956253825299700,14.0192998046875,-0.0689999982714653,0.18299999833106995,0.12999999523162842
1725956253844034600,14.03803466796875,0.03200000151991844,0.11400000005960464,-0.12399999797344208
1725956253862769000,14.056768798828125,0.2709999978542328,-0.024000000208616257,-0.29899999499320984
1725956253881503700,14.075503662109375,0.21199999749660492,-0.09700000286102295,-0.35899999737739563
1725956253900238300,14.09423828125,0.03999999910593033,0.01600000075995922,-0.24500000476837158
1725956253918973000,14.112972900390625,-0.06800000369548798,0.11599999666213989,-0.22300000488758087
1725956253937707800,14.131707763671875,0.0010000000474974513,0.12300000339746475,-0.14000000059604645
1725956253956442000,14.150442138671876,0.15199999511241913,0.04699999839067459,-0.18000000715255737
1725956253975177000,14.169177001953125,0.004999999888241291,0.02500000037252903,-0.0820000022649765
1725956253993911600,14.18791162109375,-0.11400000005960464,-0.024000000208616257,0.02800000086426735
1725956254012646100,14.206646240234376,-0.13099999725818634,0.0560000017285347,0.07500000298023224
1725956254031381000,14.225381103515625,-0.05700000002980232,-0.0020000000949949026,-0.013000000268220901
1725956254050115600,14.244115478515624,-0.10499999672174454,-0.00800000037997961,-0.008999999612569809
1725956254068850200,14.26285009765625,-0.04500000178813934,-0.03700000047683716,0.014000000432133675
1725956254087585000,14.2815849609375,0.05700000002980232,-0.06300000101327896,0.04800000041723251
1725956254106319600,14.300319580078124,0.024000000208616257,-0.03999999910593033,-0.010999999940395355
1725956254125054200,14.31905419921875,-0.07500000298023224,0.008999999612569809,-0.017000000923871994
1725956254143789000,14.3377890625,-0.13500000536441803,0.06400000303983688,-0.02199999988079071
1725956254162523600,14.356523681640626,-0.08799999952316284,0.09799999743700027,-0.05999999865889549
1725956254181258200,14.37525830078125,0.004000000189989805,0.06800000369548798,0.01600000075995922
1725956254199993000,14.3939931640625,0.08799999952316284,0.029999999329447746,0.10999999940395355
1725956254218727400,14.4127275390625,0.05900000035762787,0.009999999776482582,0.20800000429153442
1725956254237462300,14.431462158203125,-0.1469999998807907,0.050999999046325684,0.08500000089406967
1725956254256196900,14.45019677734375,-0.017999999225139618,0.05700000002980232,-0.17100000381469727
1725956254274931500,14.468931396484376,0.2290000021457672,0.03400000184774399,-0.14100000262260437
1725956254293666300,14.487666259765625,0.38499999046325684,0.012000000104308128,-0.07100000232458115
1725956254312400600,14.506400634765624,0.4440000057220459,0.013000000268220901,0.04699999839067459
1725956254331135500,14.525135498046875,0.515999972820282,-0.012000000104308128,0.05900000035762787
1725956254349870000,14.5438701171875,0.7300000190734863,0.017999999225139618,-0.12200000137090683
1725956254368604700,14.562604736328124,1.0379999876022339,0.06800000369548798,-0.29499998688697815
1725956254387339500,14.581339599609375,1.2079999446868896,0.12300000339746475,-0.041999999433755875
1725956254406073900,14.600073974609375,1.5470000505447388,-0.032999999821186066,0.23399999737739563
1725956254424808700,14.61880859375,2.009999990463257,-0.1979999989271164,0.12700000405311584
1725956254443543600,14.63754345703125,2.0999999046325684,-0.11999999731779099,-0.1340000033378601
1725956254462278100,14.656278076171875,1.7730000019073486,0.013000000268220901,-0.0949999988079071
1725956254481012700,14.6750126953125,1.3020000457763672,-0.10199999809265137,0.3479999899864197
1725956254499747300,14.693747314453125,0.8960000276565552,-0.531000018119812,0.7089999914169312
1725956254518482200,14.712482177734374,1.0509999990463257,-0.9340000152587891,0.6779999732971191
1725956254537216800,14.731216796875,1.1629999876022339,-0.6330000162124634,0.2460000067949295
1725956254555951400,14.749951416015625,0.796999990940094,-0.3269999921321869,0.289000004529953
1725956254574686000,14.76868603515625,0.6209999918937683,-0.6430000066757202,0.27000001072883606
1725956254593420800,14.7874208984375,0.17100000381469727,-0.781000018119812,0.453000009059906
1725956254612155400,14.8061552734375,-0.14100000262260437,-0.8840000033378601,0.017999999225139618
1725956254630890000,14.824889892578126,-0.09399999678134918,-0.5659999847412109,0.03099999949336052
1725956254649624600,14.84362451171875,-0.3109999895095825,-0.4269999861717224,0.25099998712539673
1725956254668359400,14.862359375,-0.3970000147819519,-0.5090000033378601,0.17299999296665192
1725956254687094000,14.881093994140626,0.4790000021457672,-0.5870000123977661,0.21899999678134918
1725956254705828600,14.89982861328125,0.2720000147819519,-0.6740000247955322,0.2709999978542328
1725956254724563200,14.918563232421874,0.15600000321865082,-0.8500000238418579,0.4000000059604645
1725956254743298000,14.937298095703126,-0.10199999809265137,-1.1430000066757202,0.6940000057220459
1725956254762032600,14.95603271484375,-0.2759999930858612,-0.9350000023841858,0.15600000321865082
1725956254780767200,14.974767333984374,-1.1069999933242798,-0.7129999995231628,-0.8190000057220459
1725956254799501800,14.993501708984375,-1.7569999694824219,-0.13699999451637268,-1.527999997138977
1725956254818236700,15.012236572265625,-1.9420000314712524,0.10999999940395355,-1.1009999513626099
1725956254836971300,15.03097119140625,-2.1559998989105225,0.10899999737739563,-0.9909999966621399
1725956254855705900,15.049705810546875,-1.8250000476837158,0.15800000727176666,-1.2230000495910645
1725956254874440400,15.0684404296875,-1.6360000371932983,0.11100000143051147,-1.4950000047683716
1725956254893175000,15.087175048828126,-0.7350000143051147,0.4860000014305115,-1.4529999494552612
1725956254911910000,15.105909912109375,-0.039000000804662704,0.5640000104904175,-1.184000015258789
1725956254930644200,15.124644287109374,-1.0509999990463257,0.6159999966621399,-0.6050000190734863
1725956254949379000,15.143379150390626,-2.0999999046325684,0.5879999995231628,-0.9210000038146973
1725956254968114000,15.162114013671875,-2.309999942779541,0.4560000002384186,-0.6240000128746033
1725956254986848300,15.18084814453125,-2.7660000324249268,0.5830000042915344,0.4099999964237213
1725956255005583000,15.1995830078125,-2.0309998989105225,0.7850000262260437,1.2890000343322754
1725956255024317700,15.218317626953125,-1.0190000534057617,0.5860000252723694,1.4600000381469727
1725956255043052500,15.237052490234374,-0.25600001215934753,1.3919999599456787,1.1990000009536743
1725956255061787100,15.255787109375,-0.5680000185966492,1.4129999876022339,-0.19200000166893005
1725956255080521700,15.274521728515625,-0.6819999814033508,1.059000015258789,-0.8149999976158142
1725956255099256300,15.29325634765625,0.21299999952316284,0.7950000166893005,-1.4010000228881836
1725956255117991200,15.3119912109375,1.4040000438690186,0.35899999737739563,-1.2589999437332153
1725956255136725800,15.330725830078125,1.3980000019073486,0.15399999916553497,-0.8989999890327454
1725956255155460400,15.34946044921875,0.5889999866485596,0.4620000123977661,-0.7089999914169312
1725956255174195200,15.3681953125,0.4480000138282776,0.4490000009536743,-0.40700000524520874
1725956255192929800,15.3869296875,0.8259999752044678,-0.009999999776482582,-0.2590000033378601
1725956255211664400,15.405664306640626,1.555999994277954,-0.48899999260902405,-0.14900000393390656
1725956255230399000,15.42439892578125,1.4850000143051147,-1.1770000457763672,-0.3370000123977661
1725956255249133800,15.4431337890625,0.824999988079071,-1.156000018119812,0.6330000162124634
1725956255267868400,15.461868408203125,1.1069999933242798,-1.4910000562667847,1.4930000305175781
1725956255286603000,15.48060302734375,1.2890000343322754,-1.5449999570846558,1.5180000066757202
1725956255305337600,15.499337646484374,0.37299999594688416,-0.9079999923706055,0.9160000085830688
1725956255324072400,15.518072509765625,1.1100000143051147,-0.9959999918937683,0.1679999977350235
1725956255342807300,15.536807373046875,1.9910000562667847,-1.2929999828338623,-0.0820000022649765
1725956255361541600,15.555541748046876,2.1670000553131104,-1.4589999914169312,-0.3880000114440918
1725956255380276500,15.5742763671875,1.2430000305175781,-1.2389999628067017,0.0430000014603138
1725956255399011000,15.593010986328125,1.4859999418258667,-0.9620000123977661,0.5690000057220459
1725956255417745700,15.61174560546875,1.5490000247955322,-0.7149999737739563,0.7870000004768372
1725956255436480300,15.630480224609375,1.3739999532699585,-0.4959999918937683,0.6370000243186951
1725956255455214800,15.64921484375,0.7860000133514404,-0.5199999809265137,0.024000000208616257
1725956255473949700,15.66794970703125,0.05400000140070915,-0.6850000023841858,-0.34599998593330383
1725956255492684300,15.686684326171875,0.19099999964237213,-0.7919999957084656,-0.4740000069141388
1725956255511419000,15.7054189453125,0.7129999995231628,-0.4620000123977661,0.07199999690055847
1725956255530153500,15.724153564453125,0.9620000123977661,0.11599999666213989,0.6759999990463257
1725956255548888300,15.742888427734375,0.289000004529953,0.257999986410141,0.6520000100135803
1725956255567623000,15.761622802734376,-0.7269999980926514,0.22200000286102295,0.382999986410141
1725956255586357500,15.780357421875,-1.7059999704360962,-0.23499999940395355,0.7039999961853027
1725956255605092400,15.79909228515625,-0.8149999976158142,-1.7719999551773071,-0.5180000066757202
1725956255623827000,15.817826904296876,0.2549999952316284,-2.556999921798706,-2.2039999961853027
1725956255642561500,15.8365615234375,0.984000027179718,-2.1489999294281006,-2.760999917984009
1725956255661296400,15.85529638671875,1.6130000352859497,-0.9229999780654907,-2.240000009536743
1725956255680030700,15.87403076171875,0.7929999828338623,0.1550000011920929,-2.194999933242798
1725956255698765600,15.892765625,-1.1399999856948853,0.9290000200271606,-2.7890000343322754
1725956255717500400,15.91150048828125,-2.569999933242798,0.8669999837875366,-2.433000087738037
1725956255736234800,15.93023486328125,-1.7730000019073486,0.8669999837875366,-1.6619999408721924
1725956255754969600,15.948969482421875,-0.9599999785423279,1.343000054359436,-1.1100000143051147
1725956255773704400,15.967704345703124,-0.9179999828338623,1.340999960899353,-1.6820000410079956
1725956255792438800,15.986438720703125,0.5590000152587891,0.40299999713897705,-1.621999979019165
1725956255811173600,16.005173583984377,-0.3370000123977661,0.12300000339746475,-1.059000015258789
1725956255829908000,16.023907958984374,-1.1929999589920044,0.4350000023841858,-0.15800000727176666
1725956255848642800,16.042642822265623,-2.2260000705718994,0.6919999718666077,1.9850000143051147
1725956255867377700,16.061377685546876,-3.371000051498413,0.8460000157356262,2.6579999923706055
1725956255886112000,16.080112060546874,-2.6110000610351562,0.6729999780654907,1.8980000019073486
1725956255904846800,16.098846923828123,-1.2309999465942383,0.46000000834465027,0.6069999933242798
1725956255923581400,16.11758154296875,0.48100000619888306,0.20399999618530273,0.04699999839067459
1725956255942316300,16.13631640625,1.1180000305175781,0.1080000028014183,0.2460000067949295
1725956255961051000,16.15505078125,0.21699999272823334,0.12800000607967377,0.010999999940395355
1725956255979785500,16.173785400390624,-0.6570000052452087,0.5019999742507935,-0.16099999845027924
1725956255998520000,16.19252001953125,-0.328000009059906,0.656000018119812,-0.4099999964237213
1725956256017255000,16.2112548828125,0.1679999977350235,0.40799999237060547,-0.3610000014305115
1725956256035989500,16.229989501953124,0.7720000147819519,-0.014999999664723873,-0.21699999272823334
1725956256054724000,16.24872412109375,0.8539999723434448,-0.22699999809265137,-0.23899999260902405
1725956256073459000,16.267458984375,0.19599999487400055,-0.2750000059604645,-0.17299999296665192
1725956256092193500,16.286193603515624,-0.11500000208616257,-0.49000000953674316,0.19499999284744263
1725956256110928100,16.30492822265625,0.20499999821186066,-0.5590000152587891,0.8180000185966492
1725956256129662700,16.323662841796875,-0.23899999260902405,-0.15199999511241913,1.4259999990463257
1725956256148397600,16.3423974609375,-0.4950000047683716,-0.06400000303983688,1.0670000314712524
1725956256167132200,16.361132080078125,-0.8870000243186951,-0.07699999958276749,0.019999999552965164
1725956256185866800,16.37986669921875,-0.27900001406669617,-0.2750000059604645,-0.7870000004768372
1725956256204601600,16.3986015625,0.3880000114440918,-0.12200000137090683,-0.6850000023841858
1725956256223336200,16.417336181640625,0.2669999897480011,-0.6359999775886536,-0.7580000162124634
1725956256242070800,16.43607080078125,-0.1770000010728836,-0.652999997138977,-1.059999942779541
1725956256260805400,16.454805419921875,0.25699999928474426,-0.4620000123977661,-1.0570000410079956
1725956256279540000,16.4735400390625,1.0579999685287476,-0.6769999861717224,-0.5540000200271606
1725956256298274800,16.49227490234375,0.7900000214576721,-0.4950000047683716,-0.33000001311302185
1725956256317009400,16.511009521484375,0.4869999885559082,-0.20600000023841858,-0.35600000619888306
1725956256335744000,16.529743896484376,0.6050000190734863,-0.17499999701976776,-0.13600000739097595
1725956256354478800,16.548478759765626,0.6800000071525574,0.06700000166893005,0.21899999678134918
1725956256373213400,16.56721337890625,0.550000011920929,0.28299999237060547,0.164000004529953
1725956256391948000,16.585947998046876,0.6380000114440918,0.12099999934434891,-0.27000001072883606
1725956256410683000,16.604682861328126,1.309000015258789,-0.14399999380111694,-0.020999999716877937
1725956256429417500,16.62341748046875,1.378999948501587,-0.39899998903274536,0.09000000357627869
1725956256448152000,16.642152099609376,0.8610000014305115,-0.19499999284744263,-0.11900000274181366
1725956256466887000,16.660886962890626,0.5830000042915344,-0.013000000268220901,-0.17800000309944153
1725956256485621200,16.679621337890627,0.2800000011920929,0.10599999874830246,0
1725956256504356000,16.698356201171876,0.2150000035762787,0.10999999940395355,0.24500000476837158
1725956256523090700,16.717090576171874,0.22300000488758087,0.2879999876022339,0.4880000054836273
1725956256541825300,16.7358251953125,0.3880000114440918,0.09200000017881393,0.503000020980835
1725956256560560000,16.75456005859375,0.27300000190734863,-0.06599999964237213,0.25699999928474426
1725956256579294500,16.77329443359375,0.1509999930858612,0,-0.010999999940395355
1725956256598029300,16.792029296875,0.3449999988079071,0.017999999225139618,-0.026000000536441803
1725956256616764000,16.810763916015624,0.46700000762939453,-0.052000001072883606,0.017000000923871994
1725956256635498800,16.829498779296873,0.5419999957084656,-0.0860000029206276,-0.08500000089406967
1725956256654233300,16.8482333984375,0.5609999895095825,-0.004000000189989805,-0.12600000202655792
1725956256672968000,16.866968017578124,0.3919999897480011,0.07400000095367432,-0.02199999988079071
1725956256691702500,16.88570263671875,0.257999986410141,0.21299999952316284,0.03400000184774399
1725956256710437400,16.904437255859374,0.1469999998807907,0.30300000309944153,0.07999999821186066
1725956256729172000,16.923171875,0.19499999284744263,0.3149999976158142,-0.009999999776482582
1725956256747906800,16.94190673828125,0.1080000028014183,0.14399999380111694,0.0860000029206276
1725956256766641200,16.96064111328125,0.3499999940395355,-0.017000000923871994,0.023000000044703484
1725956256785376000,16.9793759765625,0.3019999861717224,-0.0010000000474974513,0
1725956256804110800,16.99811083984375,-0.028999999165534973,-0.0010000000474974513,-0.007000000216066837
1725956256822845200,17.01684521484375,-0.008999999612569809,0.009999999776482582,-0.029999999329447746
1725956256841580000,17.035580078125,0.06499999761581421,-0.03400000184774399,0.010999999940395355
1725956256860314600,17.054314697265625,-0.017000000923871994,-0.02800000086426735,0.11699999868869781
1725956256879049200,17.07304931640625,0.17399999499320984,-0.10300000011920929,0.06599999964237213
1725956256897784000,17.0917841796875,0.10400000214576721,-0.04699999839067459,0.06199999898672104
1725956256916518700,17.1105185546875,0.010999999940395355,0.01899999938905239,-0.02500000037252903
1725956256935253200,17.129253173828126,0.05400000140070915,-0.006000000052154064,-0.05000000074505806
1725956256953988000,17.147988037109375,0.026000000536441803,0.0820000022649765,0.006000000052154064
1725956256972722700,17.16672265625,-0.013000000268220901,-0.017000000923871994,0.07699999958276749
1725956256991457300,17.185457275390625,0.06199999898672104,0.009999999776482582,0.1120000034570694
1725956257010192100,17.204192138671875,0.050999999046325684,-0.02800000086426735,-0.02500000037252903
1725956257028926700,17.2229267578125,0.023000000044703484,0.003000000026077032,0.0020000000949949026
1725956257047661300,17.241661376953125,-0.08799999952316284,-0.010999999940395355,-0.020999999716877937
1725956257066396200,17.260396240234375,-0.03500000014901161,-0.013000000268220901,-0.004000000189989805
1725956257085130500,17.279130615234376,0.1080000028014183,-0.008999999612569809,0
1725956257103865300,17.297865234375,0.050999999046325684,0.012000000104308128,0.010999999940395355
1725956257122600000,17.316599853515626,-0.035999998450279236,0.00800000037997961,-0.009999999776482582
1725956257141334500,17.33533447265625,-0.01600000075995922,0.012000000104308128,-0.039000000804662704
1725956257160069400,17.3540693359375,-0.06400000303983688,0.03999999910593033,-0.00800000037997961
1725956257178804000,17.372803955078126,0.012000000104308128,-0.032999999821186066,0.04399999976158142
1725956257197538600,17.39153857421875,0.029999999329447746,-0.04800000041723251,0.06700000166893005
1725956257216273200,17.410273193359377,0.00800000037997961,-0.004000000189989805,-0.08399999886751175
1725956257235008000,17.429008056640626,-0.02199999988079071,0.11400000005960464,-0.07599999755620956
1725956257253742600,17.44774267578125,0.054999999701976776,0.08699999749660492,-0.0020000000949949026
1725956257272477200,17.466477294921877,-0.041999999433755875,0.19499999284744263,-0.057999998331069946
1725956257291212000,17.4852119140625,-0.03400000184774399,0.16699999570846558,0.026000000536441803
1725956257309946600,17.503946533203123,0.03500000014901161,-0.019999999552965164,0.09300000220537186
1725956257328681200,17.52268115234375,0.1679999977350235,-0.09300000220537186,0.028999999165534973
1725956257347416000,17.541416015625,0.13699999451637268,-0.027000000700354576,-0.09099999815225601
1725956257366150400,17.560150390625,0.10199999809265137,0.03099999949336052,-0.05900000035762787
1725956257384885200,17.57888525390625,0.04500000178813934,0.00800000037997961,0.017999999225139618
1725956257403619800,17.597619873046874,0.028999999165534973,0,0
1725956257422354400,17.6163544921875,0.07699999958276749,-0.0560000017285347,0.003000000026077032
1725956257441089300,17.63508935546875,0.10400000214576721,-0.010999999940395355,-0.012000000104308128
1725956257459823900,17.653823974609374,0.07900000363588333,-0.03799999877810478,0.04699999839067459
1725956257478558500,17.672558349609375,0.02500000037252903,0.03700000047683716,0.03400000184774399
1725956257497293300,17.691293212890624,-0.07999999821186066,0.09399999678134918,0.012000000104308128
1725956257516028000,17.71002783203125,-0.07100000232458115,0.03099999949336052,0.009999999776482582
1725956257534762500,17.728762451171875,-0.01899999938905239,-0.004000000189989805,-0.020999999716877937
1725956257553497300,17.747497314453124,0.017000000923871994,-0.0010000000474974513,0.0010000000474974513
1725956257572232000,17.76623193359375,-0.007000000216066837,0.017999999225139618,0.05000000074505806
1725956257590966500,17.784966552734375,-0.09200000017881393,0.050999999046325684,0.07699999958276749
1725956257609701000,17.803701171875,-0.1120000034570694,0.029999999329447746,-0.023000000044703484
1725956257628436000,17.82243603515625,0.07100000232458115,-0.013000000268220901,0.003000000026077032
1725956257647170300,17.84117041015625,0.054999999701976776,-0.013000000268220901,0.009999999776482582
1725956257665905200,17.8599052734375,0.027000000700354576,0.01600000075995922,-0.019999999552965164
1725956257684640000,17.878639892578125,0.10899999737739563,-0.017999999225139618,-0.006000000052154064
1725956257703374600,17.89737451171875,0.24199999868869781,-0.007000000216066837,-0.03700000047683716
1725956257722109200,17.916109130859375,0.26100000739097595,0.0020000000949949026,0.014999999664723873
1725956257740843800,17.93484375,0.1420000046491623,0.023000000044703484,0.04699999839067459
1725956257759578400,17.953578369140626,0.08799999952316284,0,0.00800000037997961
1725956257778313200,17.972313232421875,0.11699999868869781,0,0.02500000037252903
1725956257797047800,17.9910478515625,0.06499999761581421,-0.07100000232458115,0.10899999737739563
1725956257815782400,18.009782470703126,0.01899999938905239,-0.08799999952316284,0.07400000095367432
1725956257834517200,18.028517333984375,-0.04899999871850014,-0.026000000536441803,-0.004000000189989805
1725956257853252000,18.047252197265625,-0.05299999937415123,0.017999999225139618,0.027000000700354576
1725956257871986400,18.065986328125,0.006000000052154064,-0.017999999225139618,0.04100000113248825
1725956257890721300,18.08472119140625,0.014000000432133675,-0.04699999839067459,0.014000000432133675
1725956257909456100,18.1034560546875,0.041999999433755875,0.014000000432133675,-0.029999999329447746
1725956257928190700,18.122190673828126,0.004999999888241291,0.01899999938905239,-0.00800000037997961
1725956257946925300,18.14092529296875,0.08100000023841858,-0.0020000000949949026,0.003000000026077032
1725956257965660200,18.15966015625,0.0860000029206276,0.010999999940395355,-0.0010000000474974513
1725956257984394800,18.178394775390625,0.08399999886751175,-0.01899999938905239,0.017000000923871994
1725956258003129600,18.197129638671875,0.03099999949336052,-0.0010000000474974513,0.027000000700354576
1725956258021864200,18.2158642578125,0.035999998450279236,-0.006000000052154064,0.014999999664723873
1725956258040598800,18.234598876953125,0.0820000022649765,0,-0.019999999552965164
1725956258059333400,18.25333349609375,0.04699999839067459,0.004000000189989805,-0.006000000052154064
1725956258078068200,18.272068115234376,0.061000000685453415,-0.019999999552965164,0.02199999988079071
1725956258096802800,18.290802734375,0.061000000685453415,0.0020000000949949026,0.006000000052154064
1725956258115537400,18.309537353515626,0.08699999749660492,-0.00800000037997961,-0.05400000140070915
1725956258134272300,18.328272216796876,0.02800000086426735,0.006000000052154064,-0.010999999940395355
1725956258153006800,18.3470068359375,-0.03700000047683716,-0.02500000037252903,-0.014999999664723873
1725956258171741700,18.36574169921875,0.039000000804662704,-0.02500000037252903,0.004999999888241291
1725956258190476000,18.38447607421875,0.07100000232458115,0.006000000052154064,0
1725956258209211000,18.4032109375,0.0430000014603138,-0.014999999664723873,0.0020000000949949026
1725956258227945500,18.421945556640626,0.014999999664723873,-0.010999999940395355,0.04699999839067459
1725956258246680300,18.440680419921875,-0.004000000189989805,-0.014000000432133675,0.00800000037997961
1725956258265415000,18.459414794921877,0.035999998450279236,-0.004999999888241291,-0.05400000140070915
1725956258284149500,18.4781494140625,0.03700000047683716,0.007000000216066837,0.006000000052154064
1725956258302884400,18.49688427734375,0.017999999225139618,0.004000000189989805,0.024000000208616257
1725956258321618700,18.51561865234375,0.10700000077486038,-0.026000000536441803,-0.0020000000949949026
1725956258340353500,18.534353515625,0.03099999949336052,0.023000000044703484,-0.026000000536441803
1725956258359088000,18.553088134765623,-0.11500000208616257,0.2669999897480011,-0.16099999845027924
1725956258377823000,18.571822998046876,0.0020000000949949026,-0.07000000029802322,0.1289999932050705
1725956258396557600,18.5905576171875,0.12600000202655792,-0.2199999988079071,0.2939999997615814
1725956258415292400,18.60929248046875,-0.03099999949336052,-0.07699999958276749,0.019999999552965164
1725956258434027300,18.62802734375,-0.006000000052154064,-0.05299999937415123,0.01600000075995922
1725956258452761600,18.64676171875,-0.14300000667572021,0.15399999916553497,-0.15700000524520874
